image_path,split,crop,disease,class_label
dataset/train/rice/brown_spot/rice_brown_spot_train_0001.jpg,train,rice,brown_spot,rice_brown_spot
dataset/train/rice/brown_spot/rice_brown_spot_train_0002.jpg,train,rice,brown_spot,rice_brown_spot
dataset/train/rice/brown_spot/rice_brown_spot_train_0003.jpg,train,rice,brown_spot,rice_brown_spot
dataset/train/rice/brown_spot/rice_brown_spot_train_0004.jpg,train,rice,brown_spot,rice_brown_spot
dataset/train/rice/brown_spot/rice_brown_spot_train_0005.jpg,train,rice,brown_spot,rice_brown_spot
dataset/train/rice/brown_spot/rice_brown_spot_train_0006.jpg,train,rice,brown_spot,rice_brown_spot
dataset/train/rice/brown_spot/rice_brown_spot_train_0007.jpg,train,rice,brown_spot,rice_brown_spot
dataset/train/rice/brown_spot/rice_brown_spot_train_0008.jpg,train,rice,brown_spot,rice_brown_spot
dataset/train/rice/brown_spot/rice_brown_spot_train_0009.jpg,train,rice,brown_spot,rice_brown_spot
dataset/train/rice/brown_spot/rice_brown_spot_train_0010.jpg,train,rice,brown_spot,rice_brown_spot
dataset/train/rice/brown_spot/rice_brown_spot_train_0011.jpg,train,rice,brown_spot,rice_brown_spot
dataset/train/rice/brown_spot/rice_brown_spot_train_0012.jpg,train,rice,brown_spot,rice_brown_spot
dataset/train/rice/brown_spot/rice_brown_spot_train_0013.jpg,train,rice,brown_spot,rice_brown_spot
dataset/train/rice/brown_spot/rice_brown_spot_train_0014.jpg,train,rice,brown_spot,rice_brown_spot
dataset/train/rice/brown_spot/rice_brown_spot_train_0015.jpg,train,rice,brown_spot,rice_brown_spot
dataset/train/rice/brown_spot/rice_brown_spot_train_0016.jpg,train,rice,brown_spot,rice_brown_spot
dataset/train/rice/brown_spot/rice_brown_spot_train_0017.jpg,train,rice,brown_spot,rice_brown_spot
dataset/train/rice/brown_spot/rice_brown_spot_train_0018.jpg,train,rice,brown_spot,rice_brown_spot
dataset/train/rice/brown_spot/rice_brown_spot_train_0019.jpg,train,rice,brown_spot,rice_brown_spot
dataset/train/rice/brown_spot/rice_brown_spot_train_0020.jpg,train,rice,brown_spot,rice_brown_spot
dataset/train/rice/brown_spot/rice_brown_spot_train_0021.jpg,train,rice,brown_spot,rice_brown_spot
dataset/train/rice/brown_spot/rice_brown_spot_train_0022.jpg,train,rice,brown_spot,rice_brown_spot
dataset/train/rice/brown_spot/rice_brown_spot_train_0023.jpg,train,rice,brown_spot,rice_brown_spot
dataset/train/rice/brown_spot/rice_brown_spot_train_0024.jpg,train,rice,brown_spot,rice_brown_spot
dataset/train/rice/brown_spot/rice_brown_spot_train_0025.jpg,train,rice,brown_spot,rice_brown_spot
dataset/train/rice/brown_spot/rice_brown_spot_train_0026.jpg,train,rice,brown_spot,rice_brown_spot
dataset/train/rice/brown_spot/rice_brown_spot_train_0027.jpg,train,rice,brown_spot,rice_brown_spot
dataset/train/rice/brown_spot/rice_brown_spot_train_0028.jpg,train,rice,brown_spot,rice_brown_spot
dataset/train/rice/brown_spot/rice_brown_spot_train_0029.jpg,train,rice,brown_spot,rice_brown_spot
dataset/train/rice/brown_spot/rice_brown_spot_train_0030.jpg,train,rice,brown_spot,rice_brown_spot
dataset/train/rice/brown_spot/rice_brown_spot_train_0031.jpg,train,rice,brown_spot,rice_brown_spot
dataset/train/rice/brown_spot/rice_brown_spot_train_0032.jpg,train,rice,brown_spot,rice_brown_spot
dataset/train/rice/brown_spot/rice_brown_spot_train_0033.jpg,train,rice,brown_spot,rice_brown_spot
dataset/train/rice/brown_spot/rice_brown_spot_train_0034.jpg,train,rice,brown_spot,rice_brown_spot
dataset/train/rice/brown_spot/rice_brown_spot_train_0035.jpg,train,rice,brown_spot,rice_brown_spot
dataset/train/rice/brown_spot/rice_brown_spot_train_0036.jpg,train,rice,brown_spot,rice_brown_spot
dataset/train/rice/brown_spot/rice_brown_spot_train_0037.jpg,train,rice,brown_spot,rice_brown_spot
dataset/train/rice/brown_spot/rice_brown_spot_train_0038.jpg,train,rice,brown_spot,rice_brown_spot
dataset/train/rice/brown_spot/rice_brown_spot_train_0039.jpg,train,rice,brown_spot,rice_brown_spot
dataset/train/rice/brown_spot/rice_brown_spot_train_0040.jpg,train,rice,brown_spot,rice_brown_spot
dataset/train/rice/brown_spot/rice_brown_spot_train_0041.jpg,train,rice,brown_spot,rice_brown_spot
dataset/train/rice/brown_spot/rice_brown_spot_train_0042.jpg,train,rice,brown_spot,rice_brown_spot
dataset/train/rice/brown_spot/rice_brown_spot_train_0043.jpg,train,rice,brown_spot,rice_brown_spot
dataset/train/rice/brown_spot/rice_brown_spot_train_0044.jpg,train,rice,brown_spot,rice_brown_spot
dataset/train/rice/brown_spot/rice_brown_spot_train_0045.jpg,train,rice,brown_spot,rice_brown_spot
dataset/train/rice/brown_spot/rice_brown_spot_train_0046.jpg,train,rice,brown_spot,rice_brown_spot
dataset/train/rice/brown_spot/rice_brown_spot_train_0047.jpg,train,rice,brown_spot,rice_brown_spot
dataset/train/rice/brown_spot/rice_brown_spot_train_0048.jpg,train,rice,brown_spot,rice_brown_spot
dataset/train/rice/brown_spot/rice_brown_spot_train_0049.jpg,train,rice,brown_spot,rice_brown_spot
dataset/train/rice/brown_spot/rice_brown_spot_train_0050.jpg,train,rice,brown_spot,rice_brown_spot
dataset/train/rice/brown_spot/rice_brown_spot_train_0051.jpg,train,rice,brown_spot,rice_brown_spot
dataset/train/rice/brown_spot/rice_brown_spot_train_0052.jpg,train,rice,brown_spot,rice_brown_spot
dataset/train/rice/brown_spot/rice_brown_spot_train_0053.jpg,train,rice,brown_spot,rice_brown_spot
dataset/train/rice/brown_spot/rice_brown_spot_train_0054.jpg,train,rice,brown_spot,rice_brown_spot
dataset/train/rice/brown_spot/rice_brown_spot_train_0055.jpg,train,rice,brown_spot,rice_brown_spot
dataset/train/rice/brown_spot/rice_brown_spot_train_0056.jpg,train,rice,brown_spot,rice_brown_spot
dataset/train/rice/brown_spot/rice_brown_spot_train_0057.jpg,train,rice,brown_spot,rice_brown_spot
dataset/train/rice/brown_spot/rice_brown_spot_train_0058.jpg,train,rice,brown_spot,rice_brown_spot
dataset/train/rice/brown_spot/rice_brown_spot_train_0059.jpg,train,rice,brown_spot,rice_brown_spot
dataset/train/rice/brown_spot/rice_brown_spot_train_0060.jpg,train,rice,brown_spot,rice_brown_spot
dataset/train/rice/brown_spot/rice_brown_spot_train_0061.jpg,train,rice,brown_spot,rice_brown_spot
dataset/train/rice/brown_spot/rice_brown_spot_train_0062.jpg,train,rice,brown_spot,rice_brown_spot
dataset/train/rice/brown_spot/rice_brown_spot_train_0063.jpg,train,rice,brown_spot,rice_brown_spot
dataset/train/rice/brown_spot/rice_brown_spot_train_0064.jpg,train,rice,brown_spot,rice_brown_spot
dataset/train/rice/brown_spot/rice_brown_spot_train_0065.jpg,train,rice,brown_spot,rice_brown_spot
dataset/train/rice/brown_spot/rice_brown_spot_train_0066.jpg,train,rice,brown_spot,rice_brown_spot
dataset/train/rice/brown_spot/rice_brown_spot_train_0067.jpg,train,rice,brown_spot,rice_brown_spot
dataset/train/rice/brown_spot/rice_brown_spot_train_0068.jpg,train,rice,brown_spot,rice_brown_spot
dataset/train/rice/brown_spot/rice_brown_spot_train_0069.jpg,train,rice,brown_spot,rice_brown_spot
dataset/train/rice/brown_spot/rice_brown_spot_train_0070.jpg,train,rice,brown_spot,rice_brown_spot
dataset/train/rice/brown_spot/rice_brown_spot_train_0071.jpg,train,rice,brown_spot,rice_brown_spot
dataset/train/rice/brown_spot/rice_brown_spot_train_0072.jpg,train,rice,brown_spot,rice_brown_spot
dataset/train/rice/brown_spot/rice_brown_spot_train_0073.jpg,train,rice,brown_spot,rice_brown_spot
dataset/train/rice/brown_spot/rice_brown_spot_train_0074.jpg,train,rice,brown_spot,rice_brown_spot
dataset/train/rice/brown_spot/rice_brown_spot_train_0075.jpg,train,rice,brown_spot,rice_brown_spot
dataset/train/rice/brown_spot/rice_brown_spot_train_0076.jpg,train,rice,brown_spot,rice_brown_spot
dataset/train/rice/brown_spot/rice_brown_spot_train_0077.jpg,train,rice,brown_spot,rice_brown_spot
dataset/train/rice/brown_spot/rice_brown_spot_train_0078.jpg,train,rice,brown_spot,rice_brown_spot
dataset/train/rice/brown_spot/rice_brown_spot_train_0079.jpg,train,rice,brown_spot,rice_brown_spot
dataset/train/rice/brown_spot/rice_brown_spot_train_0080.jpg,train,rice,brown_spot,rice_brown_spot
dataset/train/rice/brown_spot/rice_brown_spot_train_0081.jpg,train,rice,brown_spot,rice_brown_spot
dataset/train/rice/brown_spot/rice_brown_spot_train_0082.jpg,train,rice,brown_spot,rice_brown_spot
dataset/train/rice/brown_spot/rice_brown_spot_train_0083.jpg,train,rice,brown_spot,rice_brown_spot
dataset/train/rice/brown_spot/rice_brown_spot_train_0084.jpg,train,rice,brown_spot,rice_brown_spot
dataset/train/rice/brown_spot/rice_brown_spot_train_0085.jpg,train,rice,brown_spot,rice_brown_spot
dataset/train/rice/brown_spot/rice_brown_spot_train_0086.jpg,train,rice,brown_spot,rice_brown_spot
dataset/train/rice/brown_spot/rice_brown_spot_train_0087.jpg,train,rice,brown_spot,rice_brown_spot
dataset/train/rice/brown_spot/rice_brown_spot_train_0088.jpg,train,rice,brown_spot,rice_brown_spot
dataset/train/rice/brown_spot/rice_brown_spot_train_0089.jpg,train,rice,brown_spot,rice_brown_spot
dataset/train/rice/brown_spot/rice_brown_spot_train_0090.jpg,train,rice,brown_spot,rice_brown_spot
dataset/train/rice/brown_spot/rice_brown_spot_train_0091.jpg,train,rice,brown_spot,rice_brown_spot
dataset/train/rice/brown_spot/rice_brown_spot_train_0092.jpg,train,rice,brown_spot,rice_brown_spot
dataset/train/rice/brown_spot/rice_brown_spot_train_0093.jpg,train,rice,brown_spot,rice_brown_spot
dataset/train/rice/brown_spot/rice_brown_spot_train_0094.jpg,train,rice,brown_spot,rice_brown_spot
dataset/train/rice/brown_spot/rice_brown_spot_train_0095.jpg,train,rice,brown_spot,rice_brown_spot
dataset/train/rice/brown_spot/rice_brown_spot_train_0096.jpg,train,rice,brown_spot,rice_brown_spot
dataset/train/rice/brown_spot/rice_brown_spot_train_0097.jpg,train,rice,brown_spot,rice_brown_spot
dataset/train/rice/brown_spot/rice_brown_spot_train_0098.jpg,train,rice,brown_spot,rice_brown_spot
dataset/train/rice/brown_spot/rice_brown_spot_train_0099.jpg,train,rice,brown_spot,rice_brown_spot
dataset/train/rice/brown_spot/rice_brown_spot_train_0100.jpg,train,rice,brown_spot,rice_brown_spot
dataset/train/rice/brown_spot/rice_brown_spot_train_0101.jpg,train,rice,brown_spot,rice_brown_spot
dataset/train/rice/brown_spot/rice_brown_spot_train_0102.jpg,train,rice,brown_spot,rice_brown_spot
dataset/train/rice/brown_spot/rice_brown_spot_train_0103.jpg,train,rice,brown_spot,rice_brown_spot
dataset/train/rice/brown_spot/rice_brown_spot_train_0104.jpg,train,rice,brown_spot,rice_brown_spot
dataset/train/rice/brown_spot/rice_brown_spot_train_0105.jpg,train,rice,brown_spot,rice_brown_spot
dataset/val/rice/brown_spot/rice_brown_spot_val_0001.jpg,val,rice,brown_spot,rice_brown_spot
dataset/val/rice/brown_spot/rice_brown_spot_val_0002.jpg,val,rice,brown_spot,rice_brown_spot
dataset/val/rice/brown_spot/rice_brown_spot_val_0003.jpg,val,rice,brown_spot,rice_brown_spot
dataset/val/rice/brown_spot/rice_brown_spot_val_0004.jpg,val,rice,brown_spot,rice_brown_spot
dataset/val/rice/brown_spot/rice_brown_spot_val_0005.jpg,val,rice,brown_spot,rice_brown_spot
dataset/val/rice/brown_spot/rice_brown_spot_val_0006.jpg,val,rice,brown_spot,rice_brown_spot
dataset/val/rice/brown_spot/rice_brown_spot_val_0007.jpg,val,rice,brown_spot,rice_brown_spot
dataset/val/rice/brown_spot/rice_brown_spot_val_0008.jpg,val,rice,brown_spot,rice_brown_spot
dataset/val/rice/brown_spot/rice_brown_spot_val_0009.jpg,val,rice,brown_spot,rice_brown_spot
dataset/val/rice/brown_spot/rice_brown_spot_val_0010.jpg,val,rice,brown_spot,rice_brown_spot
dataset/val/rice/brown_spot/rice_brown_spot_val_0011.jpg,val,rice,brown_spot,rice_brown_spot
dataset/val/rice/brown_spot/rice_brown_spot_val_0012.jpg,val,rice,brown_spot,rice_brown_spot
dataset/val/rice/brown_spot/rice_brown_spot_val_0013.jpg,val,rice,brown_spot,rice_brown_spot
dataset/val/rice/brown_spot/rice_brown_spot_val_0014.jpg,val,rice,brown_spot,rice_brown_spot
dataset/val/rice/brown_spot/rice_brown_spot_val_0015.jpg,val,rice,brown_spot,rice_brown_spot
dataset/val/rice/brown_spot/rice_brown_spot_val_0016.jpg,val,rice,brown_spot,rice_brown_spot
dataset/val/rice/brown_spot/rice_brown_spot_val_0017.jpg,val,rice,brown_spot,rice_brown_spot
dataset/val/rice/brown_spot/rice_brown_spot_val_0018.jpg,val,rice,brown_spot,rice_brown_spot
dataset/val/rice/brown_spot/rice_brown_spot_val_0019.jpg,val,rice,brown_spot,rice_brown_spot
dataset/val/rice/brown_spot/rice_brown_spot_val_0020.jpg,val,rice,brown_spot,rice_brown_spot
dataset/val/rice/brown_spot/rice_brown_spot_val_0021.jpg,val,rice,brown_spot,rice_brown_spot
dataset/val/rice/brown_spot/rice_brown_spot_val_0022.jpg,val,rice,brown_spot,rice_brown_spot
dataset/test/rice/brown_spot/rice_brown_spot_test_0001.jpg,test,rice,brown_spot,rice_brown_spot
dataset/test/rice/brown_spot/rice_brown_spot_test_0002.jpg,test,rice,brown_spot,rice_brown_spot
dataset/test/rice/brown_spot/rice_brown_spot_test_0003.jpg,test,rice,brown_spot,rice_brown_spot
dataset/test/rice/brown_spot/rice_brown_spot_test_0004.jpg,test,rice,brown_spot,rice_brown_spot
dataset/test/rice/brown_spot/rice_brown_spot_test_0005.jpg,test,rice,brown_spot,rice_brown_spot
dataset/test/rice/brown_spot/rice_brown_spot_test_0006.jpg,test,rice,brown_spot,rice_brown_spot
dataset/test/rice/brown_spot/rice_brown_spot_test_0007.jpg,test,rice,brown_spot,rice_brown_spot
dataset/test/rice/brown_spot/rice_brown_spot_test_0008.jpg,test,rice,brown_spot,rice_brown_spot
dataset/test/rice/brown_spot/rice_brown_spot_test_0009.jpg,test,rice,brown_spot,rice_brown_spot
dataset/test/rice/brown_spot/rice_brown_spot_test_0010.jpg,test,rice,brown_spot,rice_brown_spot
dataset/test/rice/brown_spot/rice_brown_spot_test_0011.jpg,test,rice,brown_spot,rice_brown_spot
dataset/test/rice/brown_spot/rice_brown_spot_test_0012.jpg,test,rice,brown_spot,rice_brown_spot
dataset/test/rice/brown_spot/rice_brown_spot_test_0013.jpg,test,rice,brown_spot,rice_brown_spot
dataset/test/rice/brown_spot/rice_brown_spot_test_0014.jpg,test,rice,brown_spot,rice_brown_spot
dataset/test/rice/brown_spot/rice_brown_spot_test_0015.jpg,test,rice,brown_spot,rice_brown_spot
dataset/test/rice/brown_spot/rice_brown_spot_test_0016.jpg,test,rice,brown_spot,rice_brown_spot
dataset/test/rice/brown_spot/rice_brown_spot_test_0017.jpg,test,rice,brown_spot,rice_brown_spot
dataset/test/rice/brown_spot/rice_brown_spot_test_0018.jpg,test,rice,brown_spot,rice_brown_spot
dataset/test/rice/brown_spot/rice_brown_spot_test_0019.jpg,test,rice,brown_spot,rice_brown_spot
dataset/test/rice/brown_spot/rice_brown_spot_test_0020.jpg,test,rice,brown_spot,rice_brown_spot
dataset/test/rice/brown_spot/rice_brown_spot_test_0021.jpg,test,rice,brown_spot,rice_brown_spot
dataset/test/rice/brown_spot/rice_brown_spot_test_0022.jpg,test,rice,brown_spot,rice_brown_spot
dataset/test/rice/brown_spot/rice_brown_spot_test_0023.jpg,test,rice,brown_spot,rice_brown_spot
dataset/train/rice/leaf_blast/rice_leaf_blast_train_0001.jpg,train,rice,leaf_blast,rice_leaf_blast
dataset/train/rice/leaf_blast/rice_leaf_blast_train_0002.jpg,train,rice,leaf_blast,rice_leaf_blast
dataset/train/rice/leaf_blast/rice_leaf_blast_train_0003.jpg,train,rice,leaf_blast,rice_leaf_blast
dataset/train/rice/leaf_blast/rice_leaf_blast_train_0004.jpg,train,rice,leaf_blast,rice_leaf_blast
dataset/train/rice/leaf_blast/rice_leaf_blast_train_0005.jpg,train,rice,leaf_blast,rice_leaf_blast
dataset/train/rice/leaf_blast/rice_leaf_blast_train_0006.jpg,train,rice,leaf_blast,rice_leaf_blast
dataset/train/rice/leaf_blast/rice_leaf_blast_train_0007.jpg,train,rice,leaf_blast,rice_leaf_blast
dataset/train/rice/leaf_blast/rice_leaf_blast_train_0008.jpg,train,rice,leaf_blast,rice_leaf_blast
dataset/train/rice/leaf_blast/rice_leaf_blast_train_0009.jpg,train,rice,leaf_blast,rice_leaf_blast
dataset/train/rice/leaf_blast/rice_leaf_blast_train_0010.jpg,train,rice,leaf_blast,rice_leaf_blast
dataset/train/rice/leaf_blast/rice_leaf_blast_train_0011.jpg,train,rice,leaf_blast,rice_leaf_blast
dataset/train/rice/leaf_blast/rice_leaf_blast_train_0012.jpg,train,rice,leaf_blast,rice_leaf_blast
dataset/train/rice/leaf_blast/rice_leaf_blast_train_0013.jpg,train,rice,leaf_blast,rice_leaf_blast
dataset/train/rice/leaf_blast/rice_leaf_blast_train_0014.jpg,train,rice,leaf_blast,rice_leaf_blast
dataset/train/rice/leaf_blast/rice_leaf_blast_train_0015.jpg,train,rice,leaf_blast,rice_leaf_blast
dataset/train/rice/leaf_blast/rice_leaf_blast_train_0016.jpg,train,rice,leaf_blast,rice_leaf_blast
dataset/train/rice/leaf_blast/rice_leaf_blast_train_0017.jpg,train,rice,leaf_blast,rice_leaf_blast
dataset/train/rice/leaf_blast/rice_leaf_blast_train_0018.jpg,train,rice,leaf_blast,rice_leaf_blast
dataset/train/rice/leaf_blast/rice_leaf_blast_train_0019.jpg,train,rice,leaf_blast,rice_leaf_blast
dataset/train/rice/leaf_blast/rice_leaf_blast_train_0020.jpg,train,rice,leaf_blast,rice_leaf_blast
dataset/train/rice/leaf_blast/rice_leaf_blast_train_0021.jpg,train,rice,leaf_blast,rice_leaf_blast
dataset/train/rice/leaf_blast/rice_leaf_blast_train_0022.jpg,train,rice,leaf_blast,rice_leaf_blast
dataset/train/rice/leaf_blast/rice_leaf_blast_train_0023.jpg,train,rice,leaf_blast,rice_leaf_blast
dataset/train/rice/leaf_blast/rice_leaf_blast_train_0024.jpg,train,rice,leaf_blast,rice_leaf_blast
dataset/train/rice/leaf_blast/rice_leaf_blast_train_0025.jpg,train,rice,leaf_blast,rice_leaf_blast
dataset/train/rice/leaf_blast/rice_leaf_blast_train_0026.jpg,train,rice,leaf_blast,rice_leaf_blast
dataset/train/rice/leaf_blast/rice_leaf_blast_train_0027.jpg,train,rice,leaf_blast,rice_leaf_blast
dataset/train/rice/leaf_blast/rice_leaf_blast_train_0028.jpg,train,rice,leaf_blast,rice_leaf_blast
dataset/train/rice/leaf_blast/rice_leaf_blast_train_0029.jpg,train,rice,leaf_blast,rice_leaf_blast
dataset/train/rice/leaf_blast/rice_leaf_blast_train_0030.jpg,train,rice,leaf_blast,rice_leaf_blast
dataset/train/rice/leaf_blast/rice_leaf_blast_train_0031.jpg,train,rice,leaf_blast,rice_leaf_blast
dataset/train/rice/leaf_blast/rice_leaf_blast_train_0032.jpg,train,rice,leaf_blast,rice_leaf_blast
dataset/train/rice/leaf_blast/rice_leaf_blast_train_0033.jpg,train,rice,leaf_blast,rice_leaf_blast
dataset/train/rice/leaf_blast/rice_leaf_blast_train_0034.jpg,train,rice,leaf_blast,rice_leaf_blast
dataset/train/rice/leaf_blast/rice_leaf_blast_train_0035.jpg,train,rice,leaf_blast,rice_leaf_blast
dataset/train/rice/leaf_blast/rice_leaf_blast_train_0036.jpg,train,rice,leaf_blast,rice_leaf_blast
dataset/train/rice/leaf_blast/rice_leaf_blast_train_0037.jpg,train,rice,leaf_blast,rice_leaf_blast
dataset/train/rice/leaf_blast/rice_leaf_blast_train_0038.jpg,train,rice,leaf_blast,rice_leaf_blast
dataset/train/rice/leaf_blast/rice_leaf_blast_train_0039.jpg,train,rice,leaf_blast,rice_leaf_blast
dataset/train/rice/leaf_blast/rice_leaf_blast_train_0040.jpg,train,rice,leaf_blast,rice_leaf_blast
dataset/train/rice/leaf_blast/rice_leaf_blast_train_0041.jpg,train,rice,leaf_blast,rice_leaf_blast
dataset/train/rice/leaf_blast/rice_leaf_blast_train_0042.jpg,train,rice,leaf_blast,rice_leaf_blast
dataset/train/rice/leaf_blast/rice_leaf_blast_train_0043.jpg,train,rice,leaf_blast,rice_leaf_blast
dataset/train/rice/leaf_blast/rice_leaf_blast_train_0044.jpg,train,rice,leaf_blast,rice_leaf_blast
dataset/train/rice/leaf_blast/rice_leaf_blast_train_0045.jpg,train,rice,leaf_blast,rice_leaf_blast
dataset/train/rice/leaf_blast/rice_leaf_blast_train_0046.jpg,train,rice,leaf_blast,rice_leaf_blast
dataset/train/rice/leaf_blast/rice_leaf_blast_train_0047.jpg,train,rice,leaf_blast,rice_leaf_blast
dataset/train/rice/leaf_blast/rice_leaf_blast_train_0048.jpg,train,rice,leaf_blast,rice_leaf_blast
dataset/train/rice/leaf_blast/rice_leaf_blast_train_0049.jpg,train,rice,leaf_blast,rice_leaf_blast
dataset/train/rice/leaf_blast/rice_leaf_blast_train_0050.jpg,train,rice,leaf_blast,rice_leaf_blast
dataset/train/rice/leaf_blast/rice_leaf_blast_train_0051.jpg,train,rice,leaf_blast,rice_leaf_blast
dataset/train/rice/leaf_blast/rice_leaf_blast_train_0052.jpg,train,rice,leaf_blast,rice_leaf_blast
dataset/train/rice/leaf_blast/rice_leaf_blast_train_0053.jpg,train,rice,leaf_blast,rice_leaf_blast
dataset/train/rice/leaf_blast/rice_leaf_blast_train_0054.jpg,train,rice,leaf_blast,rice_leaf_blast
dataset/train/rice/leaf_blast/rice_leaf_blast_train_0055.jpg,train,rice,leaf_blast,rice_leaf_blast
dataset/train/rice/leaf_blast/rice_leaf_blast_train_0056.jpg,train,rice,leaf_blast,rice_leaf_blast
dataset/train/rice/leaf_blast/rice_leaf_blast_train_0057.jpg,train,rice,leaf_blast,rice_leaf_blast
dataset/train/rice/leaf_blast/rice_leaf_blast_train_0058.jpg,train,rice,leaf_blast,rice_leaf_blast
dataset/train/rice/leaf_blast/rice_leaf_blast_train_0059.jpg,train,rice,leaf_blast,rice_leaf_blast
dataset/train/rice/leaf_blast/rice_leaf_blast_train_0060.jpg,train,rice,leaf_blast,rice_leaf_blast
dataset/train/rice/leaf_blast/rice_leaf_blast_train_0061.jpg,train,rice,leaf_blast,rice_leaf_blast
dataset/train/rice/leaf_blast/rice_leaf_blast_train_0062.jpg,train,rice,leaf_blast,rice_leaf_blast
dataset/train/rice/leaf_blast/rice_leaf_blast_train_0063.jpg,train,rice,leaf_blast,rice_leaf_blast
dataset/train/rice/leaf_blast/rice_leaf_blast_train_0064.jpg,train,rice,leaf_blast,rice_leaf_blast
dataset/train/rice/leaf_blast/rice_leaf_blast_train_0065.jpg,train,rice,leaf_blast,rice_leaf_blast
dataset/train/rice/leaf_blast/rice_leaf_blast_train_0066.jpg,train,rice,leaf_blast,rice_leaf_blast
dataset/train/rice/leaf_blast/rice_leaf_blast_train_0067.jpg,train,rice,leaf_blast,rice_leaf_blast
dataset/train/rice/leaf_blast/rice_leaf_blast_train_0068.jpg,train,rice,leaf_blast,rice_leaf_blast
dataset/train/rice/leaf_blast/rice_leaf_blast_train_0069.jpg,train,rice,leaf_blast,rice_leaf_blast
dataset/train/rice/leaf_blast/rice_leaf_blast_train_0070.jpg,train,rice,leaf_blast,rice_leaf_blast
dataset/train/rice/leaf_blast/rice_leaf_blast_train_0071.jpg,train,rice,leaf_blast,rice_leaf_blast
dataset/train/rice/leaf_blast/rice_leaf_blast_train_0072.jpg,train,rice,leaf_blast,rice_leaf_blast
dataset/train/rice/leaf_blast/rice_leaf_blast_train_0073.jpg,train,rice,leaf_blast,rice_leaf_blast
dataset/train/rice/leaf_blast/rice_leaf_blast_train_0074.jpg,train,rice,leaf_blast,rice_leaf_blast
dataset/train/rice/leaf_blast/rice_leaf_blast_train_0075.jpg,train,rice,leaf_blast,rice_leaf_blast
dataset/train/rice/leaf_blast/rice_leaf_blast_train_0076.jpg,train,rice,leaf_blast,rice_leaf_blast
dataset/train/rice/leaf_blast/rice_leaf_blast_train_0077.jpg,train,rice,leaf_blast,rice_leaf_blast
dataset/train/rice/leaf_blast/rice_leaf_blast_train_0078.jpg,train,rice,leaf_blast,rice_leaf_blast
dataset/train/rice/leaf_blast/rice_leaf_blast_train_0079.jpg,train,rice,leaf_blast,rice_leaf_blast
dataset/train/rice/leaf_blast/rice_leaf_blast_train_0080.jpg,train,rice,leaf_blast,rice_leaf_blast
dataset/train/rice/leaf_blast/rice_leaf_blast_train_0081.jpg,train,rice,leaf_blast,rice_leaf_blast
dataset/train/rice/leaf_blast/rice_leaf_blast_train_0082.jpg,train,rice,leaf_blast,rice_leaf_blast
dataset/train/rice/leaf_blast/rice_leaf_blast_train_0083.jpg,train,rice,leaf_blast,rice_leaf_blast
dataset/train/rice/leaf_blast/rice_leaf_blast_train_0084.jpg,train,rice,leaf_blast,rice_leaf_blast
dataset/train/rice/leaf_blast/rice_leaf_blast_train_0085.jpg,train,rice,leaf_blast,rice_leaf_blast
dataset/train/rice/leaf_blast/rice_leaf_blast_train_0086.jpg,train,rice,leaf_blast,rice_leaf_blast
dataset/train/rice/leaf_blast/rice_leaf_blast_train_0087.jpg,train,rice,leaf_blast,rice_leaf_blast
dataset/train/rice/leaf_blast/rice_leaf_blast_train_0088.jpg,train,rice,leaf_blast,rice_leaf_blast
dataset/train/rice/leaf_blast/rice_leaf_blast_train_0089.jpg,train,rice,leaf_blast,rice_leaf_blast
dataset/train/rice/leaf_blast/rice_leaf_blast_train_0090.jpg,train,rice,leaf_blast,rice_leaf_blast
dataset/train/rice/leaf_blast/rice_leaf_blast_train_0091.jpg,train,rice,leaf_blast,rice_leaf_blast
dataset/train/rice/leaf_blast/rice_leaf_blast_train_0092.jpg,train,rice,leaf_blast,rice_leaf_blast
dataset/train/rice/leaf_blast/rice_leaf_blast_train_0093.jpg,train,rice,leaf_blast,rice_leaf_blast
dataset/train/rice/leaf_blast/rice_leaf_blast_train_0094.jpg,train,rice,leaf_blast,rice_leaf_blast
dataset/train/rice/leaf_blast/rice_leaf_blast_train_0095.jpg,train,rice,leaf_blast,rice_leaf_blast
dataset/train/rice/leaf_blast/rice_leaf_blast_train_0096.jpg,train,rice,leaf_blast,rice_leaf_blast
dataset/train/rice/leaf_blast/rice_leaf_blast_train_0097.jpg,train,rice,leaf_blast,rice_leaf_blast
dataset/train/rice/leaf_blast/rice_leaf_blast_train_0098.jpg,train,rice,leaf_blast,rice_leaf_blast
dataset/train/rice/leaf_blast/rice_leaf_blast_train_0099.jpg,train,rice,leaf_blast,rice_leaf_blast
dataset/train/rice/leaf_blast/rice_leaf_blast_train_0100.jpg,train,rice,leaf_blast,rice_leaf_blast
dataset/train/rice/leaf_blast/rice_leaf_blast_train_0101.jpg,train,rice,leaf_blast,rice_leaf_blast
dataset/train/rice/leaf_blast/rice_leaf_blast_train_0102.jpg,train,rice,leaf_blast,rice_leaf_blast
dataset/train/rice/leaf_blast/rice_leaf_blast_train_0103.jpg,train,rice,leaf_blast,rice_leaf_blast
dataset/train/rice/leaf_blast/rice_leaf_blast_train_0104.jpg,train,rice,leaf_blast,rice_leaf_blast
dataset/train/rice/leaf_blast/rice_leaf_blast_train_0105.jpg,train,rice,leaf_blast,rice_leaf_blast
dataset/val/rice/leaf_blast/rice_leaf_blast_val_0001.jpg,val,rice,leaf_blast,rice_leaf_blast
dataset/val/rice/leaf_blast/rice_leaf_blast_val_0002.jpg,val,rice,leaf_blast,rice_leaf_blast
dataset/val/rice/leaf_blast/rice_leaf_blast_val_0003.jpg,val,rice,leaf_blast,rice_leaf_blast
dataset/val/rice/leaf_blast/rice_leaf_blast_val_0004.jpg,val,rice,leaf_blast,rice_leaf_blast
dataset/val/rice/leaf_blast/rice_leaf_blast_val_0005.jpg,val,rice,leaf_blast,rice_leaf_blast
dataset/val/rice/leaf_blast/rice_leaf_blast_val_0006.jpg,val,rice,leaf_blast,rice_leaf_blast
dataset/val/rice/leaf_blast/rice_leaf_blast_val_0007.jpg,val,rice,leaf_blast,rice_leaf_blast
dataset/val/rice/leaf_blast/rice_leaf_blast_val_0008.jpg,val,rice,leaf_blast,rice_leaf_blast
dataset/val/rice/leaf_blast/rice_leaf_blast_val_0009.jpg,val,rice,leaf_blast,rice_leaf_blast
dataset/val/rice/leaf_blast/rice_leaf_blast_val_0010.jpg,val,rice,leaf_blast,rice_leaf_blast
dataset/val/rice/leaf_blast/rice_leaf_blast_val_0011.jpg,val,rice,leaf_blast,rice_leaf_blast
dataset/val/rice/leaf_blast/rice_leaf_blast_val_0012.jpg,val,rice,leaf_blast,rice_leaf_blast
dataset/val/rice/leaf_blast/rice_leaf_blast_val_0013.jpg,val,rice,leaf_blast,rice_leaf_blast
dataset/val/rice/leaf_blast/rice_leaf_blast_val_0014.jpg,val,rice,leaf_blast,rice_leaf_blast
dataset/val/rice/leaf_blast/rice_leaf_blast_val_0015.jpg,val,rice,leaf_blast,rice_leaf_blast
dataset/val/rice/leaf_blast/rice_leaf_blast_val_0016.jpg,val,rice,leaf_blast,rice_leaf_blast
dataset/val/rice/leaf_blast/rice_leaf_blast_val_0017.jpg,val,rice,leaf_blast,rice_leaf_blast
dataset/val/rice/leaf_blast/rice_leaf_blast_val_0018.jpg,val,rice,leaf_blast,rice_leaf_blast
dataset/val/rice/leaf_blast/rice_leaf_blast_val_0019.jpg,val,rice,leaf_blast,rice_leaf_blast
dataset/val/rice/leaf_blast/rice_leaf_blast_val_0020.jpg,val,rice,leaf_blast,rice_leaf_blast
dataset/val/rice/leaf_blast/rice_leaf_blast_val_0021.jpg,val,rice,leaf_blast,rice_leaf_blast
dataset/val/rice/leaf_blast/rice_leaf_blast_val_0022.jpg,val,rice,leaf_blast,rice_leaf_blast
dataset/test/rice/leaf_blast/rice_leaf_blast_test_0001.jpg,test,rice,leaf_blast,rice_leaf_blast
dataset/test/rice/leaf_blast/rice_leaf_blast_test_0002.jpg,test,rice,leaf_blast,rice_leaf_blast
dataset/test/rice/leaf_blast/rice_leaf_blast_test_0003.jpg,test,rice,leaf_blast,rice_leaf_blast
dataset/test/rice/leaf_blast/rice_leaf_blast_test_0004.jpg,test,rice,leaf_blast,rice_leaf_blast
dataset/test/rice/leaf_blast/rice_leaf_blast_test_0005.jpg,test,rice,leaf_blast,rice_leaf_blast
dataset/test/rice/leaf_blast/rice_leaf_blast_test_0006.jpg,test,rice,leaf_blast,rice_leaf_blast
dataset/test/rice/leaf_blast/rice_leaf_blast_test_0007.jpg,test,rice,leaf_blast,rice_leaf_blast
dataset/test/rice/leaf_blast/rice_leaf_blast_test_0008.jpg,test,rice,leaf_blast,rice_leaf_blast
dataset/test/rice/leaf_blast/rice_leaf_blast_test_0009.jpg,test,rice,leaf_blast,rice_leaf_blast
dataset/test/rice/leaf_blast/rice_leaf_blast_test_0010.jpg,test,rice,leaf_blast,rice_leaf_blast
dataset/test/rice/leaf_blast/rice_leaf_blast_test_0011.jpg,test,rice,leaf_blast,rice_leaf_blast
dataset/test/rice/leaf_blast/rice_leaf_blast_test_0012.jpg,test,rice,leaf_blast,rice_leaf_blast
dataset/test/rice/leaf_blast/rice_leaf_blast_test_0013.jpg,test,rice,leaf_blast,rice_leaf_blast
dataset/test/rice/leaf_blast/rice_leaf_blast_test_0014.jpg,test,rice,leaf_blast,rice_leaf_blast
dataset/test/rice/leaf_blast/rice_leaf_blast_test_0015.jpg,test,rice,leaf_blast,rice_leaf_blast
dataset/test/rice/leaf_blast/rice_leaf_blast_test_0016.jpg,test,rice,leaf_blast,rice_leaf_blast
dataset/test/rice/leaf_blast/rice_leaf_blast_test_0017.jpg,test,rice,leaf_blast,rice_leaf_blast
dataset/test/rice/leaf_blast/rice_leaf_blast_test_0018.jpg,test,rice,leaf_blast,rice_leaf_blast
dataset/test/rice/leaf_blast/rice_leaf_blast_test_0019.jpg,test,rice,leaf_blast,rice_leaf_blast
dataset/test/rice/leaf_blast/rice_leaf_blast_test_0020.jpg,test,rice,leaf_blast,rice_leaf_blast
dataset/test/rice/leaf_blast/rice_leaf_blast_test_0021.jpg,test,rice,leaf_blast,rice_leaf_blast
dataset/test/rice/leaf_blast/rice_leaf_blast_test_0022.jpg,test,rice,leaf_blast,rice_leaf_blast
dataset/test/rice/leaf_blast/rice_leaf_blast_test_0023.jpg,test,rice,leaf_blast,rice_leaf_blast
dataset/train/rice/bacterial_blight/rice_bacterial_blight_train_0001.jpg,train,rice,bacterial_blight,rice_bacterial_blight
dataset/train/rice/bacterial_blight/rice_bacterial_blight_train_0002.jpg,train,rice,bacterial_blight,rice_bacterial_blight
dataset/train/rice/bacterial_blight/rice_bacterial_blight_train_0003.jpg,train,rice,bacterial_blight,rice_bacterial_blight
dataset/train/rice/bacterial_blight/rice_bacterial_blight_train_0004.jpg,train,rice,bacterial_blight,rice_bacterial_blight
dataset/train/rice/bacterial_blight/rice_bacterial_blight_train_0005.jpg,train,rice,bacterial_blight,rice_bacterial_blight
dataset/train/rice/bacterial_blight/rice_bacterial_blight_train_0006.jpg,train,rice,bacterial_blight,rice_bacterial_blight
dataset/train/rice/bacterial_blight/rice_bacterial_blight_train_0007.jpg,train,rice,bacterial_blight,rice_bacterial_blight
dataset/train/rice/bacterial_blight/rice_bacterial_blight_train_0008.jpg,train,rice,bacterial_blight,rice_bacterial_blight
dataset/train/rice/bacterial_blight/rice_bacterial_blight_train_0009.jpg,train,rice,bacterial_blight,rice_bacterial_blight
dataset/train/rice/bacterial_blight/rice_bacterial_blight_train_0010.jpg,train,rice,bacterial_blight,rice_bacterial_blight
dataset/train/rice/bacterial_blight/rice_bacterial_blight_train_0011.jpg,train,rice,bacterial_blight,rice_bacterial_blight
dataset/train/rice/bacterial_blight/rice_bacterial_blight_train_0012.jpg,train,rice,bacterial_blight,rice_bacterial_blight
dataset/train/rice/bacterial_blight/rice_bacterial_blight_train_0013.jpg,train,rice,bacterial_blight,rice_bacterial_blight
dataset/train/rice/bacterial_blight/rice_bacterial_blight_train_0014.jpg,train,rice,bacterial_blight,rice_bacterial_blight
dataset/train/rice/bacterial_blight/rice_bacterial_blight_train_0015.jpg,train,rice,bacterial_blight,rice_bacterial_blight
dataset/train/rice/bacterial_blight/rice_bacterial_blight_train_0016.jpg,train,rice,bacterial_blight,rice_bacterial_blight
dataset/train/rice/bacterial_blight/rice_bacterial_blight_train_0017.jpg,train,rice,bacterial_blight,rice_bacterial_blight
dataset/train/rice/bacterial_blight/rice_bacterial_blight_train_0018.jpg,train,rice,bacterial_blight,rice_bacterial_blight
dataset/train/rice/bacterial_blight/rice_bacterial_blight_train_0019.jpg,train,rice,bacterial_blight,rice_bacterial_blight
dataset/train/rice/bacterial_blight/rice_bacterial_blight_train_0020.jpg,train,rice,bacterial_blight,rice_bacterial_blight
dataset/train/rice/bacterial_blight/rice_bacterial_blight_train_0021.jpg,train,rice,bacterial_blight,rice_bacterial_blight
dataset/train/rice/bacterial_blight/rice_bacterial_blight_train_0022.jpg,train,rice,bacterial_blight,rice_bacterial_blight
dataset/train/rice/bacterial_blight/rice_bacterial_blight_train_0023.jpg,train,rice,bacterial_blight,rice_bacterial_blight
dataset/train/rice/bacterial_blight/rice_bacterial_blight_train_0024.jpg,train,rice,bacterial_blight,rice_bacterial_blight
dataset/train/rice/bacterial_blight/rice_bacterial_blight_train_0025.jpg,train,rice,bacterial_blight,rice_bacterial_blight
dataset/train/rice/bacterial_blight/rice_bacterial_blight_train_0026.jpg,train,rice,bacterial_blight,rice_bacterial_blight
dataset/train/rice/bacterial_blight/rice_bacterial_blight_train_0027.jpg,train,rice,bacterial_blight,rice_bacterial_blight
dataset/train/rice/bacterial_blight/rice_bacterial_blight_train_0028.jpg,train,rice,bacterial_blight,rice_bacterial_blight
dataset/train/rice/bacterial_blight/rice_bacterial_blight_train_0029.jpg,train,rice,bacterial_blight,rice_bacterial_blight
dataset/train/rice/bacterial_blight/rice_bacterial_blight_train_0030.jpg,train,rice,bacterial_blight,rice_bacterial_blight
dataset/train/rice/bacterial_blight/rice_bacterial_blight_train_0031.jpg,train,rice,bacterial_blight,rice_bacterial_blight
dataset/train/rice/bacterial_blight/rice_bacterial_blight_train_0032.jpg,train,rice,bacterial_blight,rice_bacterial_blight
dataset/train/rice/bacterial_blight/rice_bacterial_blight_train_0033.jpg,train,rice,bacterial_blight,rice_bacterial_blight
dataset/train/rice/bacterial_blight/rice_bacterial_blight_train_0034.jpg,train,rice,bacterial_blight,rice_bacterial_blight
dataset/train/rice/bacterial_blight/rice_bacterial_blight_train_0035.jpg,train,rice,bacterial_blight,rice_bacterial_blight
dataset/train/rice/bacterial_blight/rice_bacterial_blight_train_0036.jpg,train,rice,bacterial_blight,rice_bacterial_blight
dataset/train/rice/bacterial_blight/rice_bacterial_blight_train_0037.jpg,train,rice,bacterial_blight,rice_bacterial_blight
dataset/train/rice/bacterial_blight/rice_bacterial_blight_train_0038.jpg,train,rice,bacterial_blight,rice_bacterial_blight
dataset/train/rice/bacterial_blight/rice_bacterial_blight_train_0039.jpg,train,rice,bacterial_blight,rice_bacterial_blight
dataset/train/rice/bacterial_blight/rice_bacterial_blight_train_0040.jpg,train,rice,bacterial_blight,rice_bacterial_blight
dataset/train/rice/bacterial_blight/rice_bacterial_blight_train_0041.jpg,train,rice,bacterial_blight,rice_bacterial_blight
dataset/train/rice/bacterial_blight/rice_bacterial_blight_train_0042.jpg,train,rice,bacterial_blight,rice_bacterial_blight
dataset/train/rice/bacterial_blight/rice_bacterial_blight_train_0043.jpg,train,rice,bacterial_blight,rice_bacterial_blight
dataset/train/rice/bacterial_blight/rice_bacterial_blight_train_0044.jpg,train,rice,bacterial_blight,rice_bacterial_blight
dataset/train/rice/bacterial_blight/rice_bacterial_blight_train_0045.jpg,train,rice,bacterial_blight,rice_bacterial_blight
dataset/train/rice/bacterial_blight/rice_bacterial_blight_train_0046.jpg,train,rice,bacterial_blight,rice_bacterial_blight
dataset/train/rice/bacterial_blight/rice_bacterial_blight_train_0047.jpg,train,rice,bacterial_blight,rice_bacterial_blight
dataset/train/rice/bacterial_blight/rice_bacterial_blight_train_0048.jpg,train,rice,bacterial_blight,rice_bacterial_blight
dataset/train/rice/bacterial_blight/rice_bacterial_blight_train_0049.jpg,train,rice,bacterial_blight,rice_bacterial_blight
dataset/train/rice/bacterial_blight/rice_bacterial_blight_train_0050.jpg,train,rice,bacterial_blight,rice_bacterial_blight
dataset/train/rice/bacterial_blight/rice_bacterial_blight_train_0051.jpg,train,rice,bacterial_blight,rice_bacterial_blight
dataset/train/rice/bacterial_blight/rice_bacterial_blight_train_0052.jpg,train,rice,bacterial_blight,rice_bacterial_blight
dataset/train/rice/bacterial_blight/rice_bacterial_blight_train_0053.jpg,train,rice,bacterial_blight,rice_bacterial_blight
dataset/train/rice/bacterial_blight/rice_bacterial_blight_train_0054.jpg,train,rice,bacterial_blight,rice_bacterial_blight
dataset/train/rice/bacterial_blight/rice_bacterial_blight_train_0055.jpg,train,rice,bacterial_blight,rice_bacterial_blight
dataset/train/rice/bacterial_blight/rice_bacterial_blight_train_0056.jpg,train,rice,bacterial_blight,rice_bacterial_blight
dataset/train/rice/bacterial_blight/rice_bacterial_blight_train_0057.jpg,train,rice,bacterial_blight,rice_bacterial_blight
dataset/train/rice/bacterial_blight/rice_bacterial_blight_train_0058.jpg,train,rice,bacterial_blight,rice_bacterial_blight
dataset/train/rice/bacterial_blight/rice_bacterial_blight_train_0059.jpg,train,rice,bacterial_blight,rice_bacterial_blight
dataset/train/rice/bacterial_blight/rice_bacterial_blight_train_0060.jpg,train,rice,bacterial_blight,rice_bacterial_blight
dataset/train/rice/bacterial_blight/rice_bacterial_blight_train_0061.jpg,train,rice,bacterial_blight,rice_bacterial_blight
dataset/train/rice/bacterial_blight/rice_bacterial_blight_train_0062.jpg,train,rice,bacterial_blight,rice_bacterial_blight
dataset/train/rice/bacterial_blight/rice_bacterial_blight_train_0063.jpg,train,rice,bacterial_blight,rice_bacterial_blight
dataset/train/rice/bacterial_blight/rice_bacterial_blight_train_0064.jpg,train,rice,bacterial_blight,rice_bacterial_blight
dataset/train/rice/bacterial_blight/rice_bacterial_blight_train_0065.jpg,train,rice,bacterial_blight,rice_bacterial_blight
dataset/train/rice/bacterial_blight/rice_bacterial_blight_train_0066.jpg,train,rice,bacterial_blight,rice_bacterial_blight
dataset/train/rice/bacterial_blight/rice_bacterial_blight_train_0067.jpg,train,rice,bacterial_blight,rice_bacterial_blight
dataset/train/rice/bacterial_blight/rice_bacterial_blight_train_0068.jpg,train,rice,bacterial_blight,rice_bacterial_blight
dataset/train/rice/bacterial_blight/rice_bacterial_blight_train_0069.jpg,train,rice,bacterial_blight,rice_bacterial_blight
dataset/train/rice/bacterial_blight/rice_bacterial_blight_train_0070.jpg,train,rice,bacterial_blight,rice_bacterial_blight
dataset/train/rice/bacterial_blight/rice_bacterial_blight_train_0071.jpg,train,rice,bacterial_blight,rice_bacterial_blight
dataset/train/rice/bacterial_blight/rice_bacterial_blight_train_0072.jpg,train,rice,bacterial_blight,rice_bacterial_blight
dataset/train/rice/bacterial_blight/rice_bacterial_blight_train_0073.jpg,train,rice,bacterial_blight,rice_bacterial_blight
dataset/train/rice/bacterial_blight/rice_bacterial_blight_train_0074.jpg,train,rice,bacterial_blight,rice_bacterial_blight
dataset/train/rice/bacterial_blight/rice_bacterial_blight_train_0075.jpg,train,rice,bacterial_blight,rice_bacterial_blight
dataset/train/rice/bacterial_blight/rice_bacterial_blight_train_0076.jpg,train,rice,bacterial_blight,rice_bacterial_blight
dataset/train/rice/bacterial_blight/rice_bacterial_blight_train_0077.jpg,train,rice,bacterial_blight,rice_bacterial_blight
dataset/train/rice/bacterial_blight/rice_bacterial_blight_train_0078.jpg,train,rice,bacterial_blight,rice_bacterial_blight
dataset/train/rice/bacterial_blight/rice_bacterial_blight_train_0079.jpg,train,rice,bacterial_blight,rice_bacterial_blight
dataset/train/rice/bacterial_blight/rice_bacterial_blight_train_0080.jpg,train,rice,bacterial_blight,rice_bacterial_blight
dataset/train/rice/bacterial_blight/rice_bacterial_blight_train_0081.jpg,train,rice,bacterial_blight,rice_bacterial_blight
dataset/train/rice/bacterial_blight/rice_bacterial_blight_train_0082.jpg,train,rice,bacterial_blight,rice_bacterial_blight
dataset/train/rice/bacterial_blight/rice_bacterial_blight_train_0083.jpg,train,rice,bacterial_blight,rice_bacterial_blight
dataset/train/rice/bacterial_blight/rice_bacterial_blight_train_0084.jpg,train,rice,bacterial_blight,rice_bacterial_blight
dataset/train/rice/bacterial_blight/rice_bacterial_blight_train_0085.jpg,train,rice,bacterial_blight,rice_bacterial_blight
dataset/train/rice/bacterial_blight/rice_bacterial_blight_train_0086.jpg,train,rice,bacterial_blight,rice_bacterial_blight
dataset/train/rice/bacterial_blight/rice_bacterial_blight_train_0087.jpg,train,rice,bacterial_blight,rice_bacterial_blight
dataset/train/rice/bacterial_blight/rice_bacterial_blight_train_0088.jpg,train,rice,bacterial_blight,rice_bacterial_blight
dataset/train/rice/bacterial_blight/rice_bacterial_blight_train_0089.jpg,train,rice,bacterial_blight,rice_bacterial_blight
dataset/train/rice/bacterial_blight/rice_bacterial_blight_train_0090.jpg,train,rice,bacterial_blight,rice_bacterial_blight
dataset/train/rice/bacterial_blight/rice_bacterial_blight_train_0091.jpg,train,rice,bacterial_blight,rice_bacterial_blight
dataset/train/rice/bacterial_blight/rice_bacterial_blight_train_0092.jpg,train,rice,bacterial_blight,rice_bacterial_blight
dataset/train/rice/bacterial_blight/rice_bacterial_blight_train_0093.jpg,train,rice,bacterial_blight,rice_bacterial_blight
dataset/train/rice/bacterial_blight/rice_bacterial_blight_train_0094.jpg,train,rice,bacterial_blight,rice_bacterial_blight
dataset/train/rice/bacterial_blight/rice_bacterial_blight_train_0095.jpg,train,rice,bacterial_blight,rice_bacterial_blight
dataset/train/rice/bacterial_blight/rice_bacterial_blight_train_0096.jpg,train,rice,bacterial_blight,rice_bacterial_blight
dataset/train/rice/bacterial_blight/rice_bacterial_blight_train_0097.jpg,train,rice,bacterial_blight,rice_bacterial_blight
dataset/train/rice/bacterial_blight/rice_bacterial_blight_train_0098.jpg,train,rice,bacterial_blight,rice_bacterial_blight
dataset/train/rice/bacterial_blight/rice_bacterial_blight_train_0099.jpg,train,rice,bacterial_blight,rice_bacterial_blight
dataset/train/rice/bacterial_blight/rice_bacterial_blight_train_0100.jpg,train,rice,bacterial_blight,rice_bacterial_blight
dataset/train/rice/bacterial_blight/rice_bacterial_blight_train_0101.jpg,train,rice,bacterial_blight,rice_bacterial_blight
dataset/train/rice/bacterial_blight/rice_bacterial_blight_train_0102.jpg,train,rice,bacterial_blight,rice_bacterial_blight
dataset/train/rice/bacterial_blight/rice_bacterial_blight_train_0103.jpg,train,rice,bacterial_blight,rice_bacterial_blight
dataset/train/rice/bacterial_blight/rice_bacterial_blight_train_0104.jpg,train,rice,bacterial_blight,rice_bacterial_blight
dataset/train/rice/bacterial_blight/rice_bacterial_blight_train_0105.jpg,train,rice,bacterial_blight,rice_bacterial_blight
dataset/val/rice/bacterial_blight/rice_bacterial_blight_val_0001.jpg,val,rice,bacterial_blight,rice_bacterial_blight
dataset/val/rice/bacterial_blight/rice_bacterial_blight_val_0002.jpg,val,rice,bacterial_blight,rice_bacterial_blight
dataset/val/rice/bacterial_blight/rice_bacterial_blight_val_0003.jpg,val,rice,bacterial_blight,rice_bacterial_blight
dataset/val/rice/bacterial_blight/rice_bacterial_blight_val_0004.jpg,val,rice,bacterial_blight,rice_bacterial_blight
dataset/val/rice/bacterial_blight/rice_bacterial_blight_val_0005.jpg,val,rice,bacterial_blight,rice_bacterial_blight
dataset/val/rice/bacterial_blight/rice_bacterial_blight_val_0006.jpg,val,rice,bacterial_blight,rice_bacterial_blight
dataset/val/rice/bacterial_blight/rice_bacterial_blight_val_0007.jpg,val,rice,bacterial_blight,rice_bacterial_blight
dataset/val/rice/bacterial_blight/rice_bacterial_blight_val_0008.jpg,val,rice,bacterial_blight,rice_bacterial_blight
dataset/val/rice/bacterial_blight/rice_bacterial_blight_val_0009.jpg,val,rice,bacterial_blight,rice_bacterial_blight
dataset/val/rice/bacterial_blight/rice_bacterial_blight_val_0010.jpg,val,rice,bacterial_blight,rice_bacterial_blight
dataset/val/rice/bacterial_blight/rice_bacterial_blight_val_0011.jpg,val,rice,bacterial_blight,rice_bacterial_blight
dataset/val/rice/bacterial_blight/rice_bacterial_blight_val_0012.jpg,val,rice,bacterial_blight,rice_bacterial_blight
dataset/val/rice/bacterial_blight/rice_bacterial_blight_val_0013.jpg,val,rice,bacterial_blight,rice_bacterial_blight
dataset/val/rice/bacterial_blight/rice_bacterial_blight_val_0014.jpg,val,rice,bacterial_blight,rice_bacterial_blight
dataset/val/rice/bacterial_blight/rice_bacterial_blight_val_0015.jpg,val,rice,bacterial_blight,rice_bacterial_blight
dataset/val/rice/bacterial_blight/rice_bacterial_blight_val_0016.jpg,val,rice,bacterial_blight,rice_bacterial_blight
dataset/val/rice/bacterial_blight/rice_bacterial_blight_val_0017.jpg,val,rice,bacterial_blight,rice_bacterial_blight
dataset/val/rice/bacterial_blight/rice_bacterial_blight_val_0018.jpg,val,rice,bacterial_blight,rice_bacterial_blight
dataset/val/rice/bacterial_blight/rice_bacterial_blight_val_0019.jpg,val,rice,bacterial_blight,rice_bacterial_blight
dataset/val/rice/bacterial_blight/rice_bacterial_blight_val_0020.jpg,val,rice,bacterial_blight,rice_bacterial_blight
dataset/val/rice/bacterial_blight/rice_bacterial_blight_val_0021.jpg,val,rice,bacterial_blight,rice_bacterial_blight
dataset/val/rice/bacterial_blight/rice_bacterial_blight_val_0022.jpg,val,rice,bacterial_blight,rice_bacterial_blight
dataset/test/rice/bacterial_blight/rice_bacterial_blight_test_0001.jpg,test,rice,bacterial_blight,rice_bacterial_blight
dataset/test/rice/bacterial_blight/rice_bacterial_blight_test_0002.jpg,test,rice,bacterial_blight,rice_bacterial_blight
dataset/test/rice/bacterial_blight/rice_bacterial_blight_test_0003.jpg,test,rice,bacterial_blight,rice_bacterial_blight
dataset/test/rice/bacterial_blight/rice_bacterial_blight_test_0004.jpg,test,rice,bacterial_blight,rice_bacterial_blight
dataset/test/rice/bacterial_blight/rice_bacterial_blight_test_0005.jpg,test,rice,bacterial_blight,rice_bacterial_blight
dataset/test/rice/bacterial_blight/rice_bacterial_blight_test_0006.jpg,test,rice,bacterial_blight,rice_bacterial_blight
dataset/test/rice/bacterial_blight/rice_bacterial_blight_test_0007.jpg,test,rice,bacterial_blight,rice_bacterial_blight
dataset/test/rice/bacterial_blight/rice_bacterial_blight_test_0008.jpg,test,rice,bacterial_blight,rice_bacterial_blight
dataset/test/rice/bacterial_blight/rice_bacterial_blight_test_0009.jpg,test,rice,bacterial_blight,rice_bacterial_blight
dataset/test/rice/bacterial_blight/rice_bacterial_blight_test_0010.jpg,test,rice,bacterial_blight,rice_bacterial_blight
dataset/test/rice/bacterial_blight/rice_bacterial_blight_test_0011.jpg,test,rice,bacterial_blight,rice_bacterial_blight
dataset/test/rice/bacterial_blight/rice_bacterial_blight_test_0012.jpg,test,rice,bacterial_blight,rice_bacterial_blight
dataset/test/rice/bacterial_blight/rice_bacterial_blight_test_0013.jpg,test,rice,bacterial_blight,rice_bacterial_blight
dataset/test/rice/bacterial_blight/rice_bacterial_blight_test_0014.jpg,test,rice,bacterial_blight,rice_bacterial_blight
dataset/test/rice/bacterial_blight/rice_bacterial_blight_test_0015.jpg,test,rice,bacterial_blight,rice_bacterial_blight
dataset/test/rice/bacterial_blight/rice_bacterial_blight_test_0016.jpg,test,rice,bacterial_blight,rice_bacterial_blight
dataset/test/rice/bacterial_blight/rice_bacterial_blight_test_0017.jpg,test,rice,bacterial_blight,rice_bacterial_blight
dataset/test/rice/bacterial_blight/rice_bacterial_blight_test_0018.jpg,test,rice,bacterial_blight,rice_bacterial_blight
dataset/test/rice/bacterial_blight/rice_bacterial_blight_test_0019.jpg,test,rice,bacterial_blight,rice_bacterial_blight
dataset/test/rice/bacterial_blight/rice_bacterial_blight_test_0020.jpg,test,rice,bacterial_blight,rice_bacterial_blight
dataset/test/rice/bacterial_blight/rice_bacterial_blight_test_0021.jpg,test,rice,bacterial_blight,rice_bacterial_blight
dataset/test/rice/bacterial_blight/rice_bacterial_blight_test_0022.jpg,test,rice,bacterial_blight,rice_bacterial_blight
dataset/test/rice/bacterial_blight/rice_bacterial_blight_test_0023.jpg,test,rice,bacterial_blight,rice_bacterial_blight
dataset/train/rice/healthy/rice_healthy_train_0001.jpg,train,rice,healthy,rice_healthy
dataset/train/rice/healthy/rice_healthy_train_0002.jpg,train,rice,healthy,rice_healthy
dataset/train/rice/healthy/rice_healthy_train_0003.jpg,train,rice,healthy,rice_healthy
dataset/train/rice/healthy/rice_healthy_train_0004.jpg,train,rice,healthy,rice_healthy
dataset/train/rice/healthy/rice_healthy_train_0005.jpg,train,rice,healthy,rice_healthy
dataset/train/rice/healthy/rice_healthy_train_0006.jpg,train,rice,healthy,rice_healthy
dataset/train/rice/healthy/rice_healthy_train_0007.jpg,train,rice,healthy,rice_healthy
dataset/train/rice/healthy/rice_healthy_train_0008.jpg,train,rice,healthy,rice_healthy
dataset/train/rice/healthy/rice_healthy_train_0009.jpg,train,rice,healthy,rice_healthy
dataset/train/rice/healthy/rice_healthy_train_0010.jpg,train,rice,healthy,rice_healthy
dataset/train/rice/healthy/rice_healthy_train_0011.jpg,train,rice,healthy,rice_healthy
dataset/train/rice/healthy/rice_healthy_train_0012.jpg,train,rice,healthy,rice_healthy
dataset/train/rice/healthy/rice_healthy_train_0013.jpg,train,rice,healthy,rice_healthy
dataset/train/rice/healthy/rice_healthy_train_0014.jpg,train,rice,healthy,rice_healthy
dataset/train/rice/healthy/rice_healthy_train_0015.jpg,train,rice,healthy,rice_healthy
dataset/train/rice/healthy/rice_healthy_train_0016.jpg,train,rice,healthy,rice_healthy
dataset/train/rice/healthy/rice_healthy_train_0017.jpg,train,rice,healthy,rice_healthy
dataset/train/rice/healthy/rice_healthy_train_0018.jpg,train,rice,healthy,rice_healthy
dataset/train/rice/healthy/rice_healthy_train_0019.jpg,train,rice,healthy,rice_healthy
dataset/train/rice/healthy/rice_healthy_train_0020.jpg,train,rice,healthy,rice_healthy
dataset/train/rice/healthy/rice_healthy_train_0021.jpg,train,rice,healthy,rice_healthy
dataset/train/rice/healthy/rice_healthy_train_0022.jpg,train,rice,healthy,rice_healthy
dataset/train/rice/healthy/rice_healthy_train_0023.jpg,train,rice,healthy,rice_healthy
dataset/train/rice/healthy/rice_healthy_train_0024.jpg,train,rice,healthy,rice_healthy
dataset/train/rice/healthy/rice_healthy_train_0025.jpg,train,rice,healthy,rice_healthy
dataset/train/rice/healthy/rice_healthy_train_0026.jpg,train,rice,healthy,rice_healthy
dataset/train/rice/healthy/rice_healthy_train_0027.jpg,train,rice,healthy,rice_healthy
dataset/train/rice/healthy/rice_healthy_train_0028.jpg,train,rice,healthy,rice_healthy
dataset/train/rice/healthy/rice_healthy_train_0029.jpg,train,rice,healthy,rice_healthy
dataset/train/rice/healthy/rice_healthy_train_0030.jpg,train,rice,healthy,rice_healthy
dataset/train/rice/healthy/rice_healthy_train_0031.jpg,train,rice,healthy,rice_healthy
dataset/train/rice/healthy/rice_healthy_train_0032.jpg,train,rice,healthy,rice_healthy
dataset/train/rice/healthy/rice_healthy_train_0033.jpg,train,rice,healthy,rice_healthy
dataset/train/rice/healthy/rice_healthy_train_0034.jpg,train,rice,healthy,rice_healthy
dataset/train/rice/healthy/rice_healthy_train_0035.jpg,train,rice,healthy,rice_healthy
dataset/train/rice/healthy/rice_healthy_train_0036.jpg,train,rice,healthy,rice_healthy
dataset/train/rice/healthy/rice_healthy_train_0037.jpg,train,rice,healthy,rice_healthy
dataset/train/rice/healthy/rice_healthy_train_0038.jpg,train,rice,healthy,rice_healthy
dataset/train/rice/healthy/rice_healthy_train_0039.jpg,train,rice,healthy,rice_healthy
dataset/train/rice/healthy/rice_healthy_train_0040.jpg,train,rice,healthy,rice_healthy
dataset/train/rice/healthy/rice_healthy_train_0041.jpg,train,rice,healthy,rice_healthy
dataset/train/rice/healthy/rice_healthy_train_0042.jpg,train,rice,healthy,rice_healthy
dataset/train/rice/healthy/rice_healthy_train_0043.jpg,train,rice,healthy,rice_healthy
dataset/train/rice/healthy/rice_healthy_train_0044.jpg,train,rice,healthy,rice_healthy
dataset/train/rice/healthy/rice_healthy_train_0045.jpg,train,rice,healthy,rice_healthy
dataset/train/rice/healthy/rice_healthy_train_0046.jpg,train,rice,healthy,rice_healthy
dataset/train/rice/healthy/rice_healthy_train_0047.jpg,train,rice,healthy,rice_healthy
dataset/train/rice/healthy/rice_healthy_train_0048.jpg,train,rice,healthy,rice_healthy
dataset/train/rice/healthy/rice_healthy_train_0049.jpg,train,rice,healthy,rice_healthy
dataset/train/rice/healthy/rice_healthy_train_0050.jpg,train,rice,healthy,rice_healthy
dataset/train/rice/healthy/rice_healthy_train_0051.jpg,train,rice,healthy,rice_healthy
dataset/train/rice/healthy/rice_healthy_train_0052.jpg,train,rice,healthy,rice_healthy
dataset/train/rice/healthy/rice_healthy_train_0053.jpg,train,rice,healthy,rice_healthy
dataset/train/rice/healthy/rice_healthy_train_0054.jpg,train,rice,healthy,rice_healthy
dataset/train/rice/healthy/rice_healthy_train_0055.jpg,train,rice,healthy,rice_healthy
dataset/train/rice/healthy/rice_healthy_train_0056.jpg,train,rice,healthy,rice_healthy
dataset/train/rice/healthy/rice_healthy_train_0057.jpg,train,rice,healthy,rice_healthy
dataset/train/rice/healthy/rice_healthy_train_0058.jpg,train,rice,healthy,rice_healthy
dataset/train/rice/healthy/rice_healthy_train_0059.jpg,train,rice,healthy,rice_healthy
dataset/train/rice/healthy/rice_healthy_train_0060.jpg,train,rice,healthy,rice_healthy
dataset/train/rice/healthy/rice_healthy_train_0061.jpg,train,rice,healthy,rice_healthy
dataset/train/rice/healthy/rice_healthy_train_0062.jpg,train,rice,healthy,rice_healthy
dataset/train/rice/healthy/rice_healthy_train_0063.jpg,train,rice,healthy,rice_healthy
dataset/train/rice/healthy/rice_healthy_train_0064.jpg,train,rice,healthy,rice_healthy
dataset/train/rice/healthy/rice_healthy_train_0065.jpg,train,rice,healthy,rice_healthy
dataset/train/rice/healthy/rice_healthy_train_0066.jpg,train,rice,healthy,rice_healthy
dataset/train/rice/healthy/rice_healthy_train_0067.jpg,train,rice,healthy,rice_healthy
dataset/train/rice/healthy/rice_healthy_train_0068.jpg,train,rice,healthy,rice_healthy
dataset/train/rice/healthy/rice_healthy_train_0069.jpg,train,rice,healthy,rice_healthy
dataset/train/rice/healthy/rice_healthy_train_0070.jpg,train,rice,healthy,rice_healthy
dataset/train/rice/healthy/rice_healthy_train_0071.jpg,train,rice,healthy,rice_healthy
dataset/train/rice/healthy/rice_healthy_train_0072.jpg,train,rice,healthy,rice_healthy
dataset/train/rice/healthy/rice_healthy_train_0073.jpg,train,rice,healthy,rice_healthy
dataset/train/rice/healthy/rice_healthy_train_0074.jpg,train,rice,healthy,rice_healthy
dataset/train/rice/healthy/rice_healthy_train_0075.jpg,train,rice,healthy,rice_healthy
dataset/train/rice/healthy/rice_healthy_train_0076.jpg,train,rice,healthy,rice_healthy
dataset/train/rice/healthy/rice_healthy_train_0077.jpg,train,rice,healthy,rice_healthy
dataset/train/rice/healthy/rice_healthy_train_0078.jpg,train,rice,healthy,rice_healthy
dataset/train/rice/healthy/rice_healthy_train_0079.jpg,train,rice,healthy,rice_healthy
dataset/train/rice/healthy/rice_healthy_train_0080.jpg,train,rice,healthy,rice_healthy
dataset/train/rice/healthy/rice_healthy_train_0081.jpg,train,rice,healthy,rice_healthy
dataset/train/rice/healthy/rice_healthy_train_0082.jpg,train,rice,healthy,rice_healthy
dataset/train/rice/healthy/rice_healthy_train_0083.jpg,train,rice,healthy,rice_healthy
dataset/train/rice/healthy/rice_healthy_train_0084.jpg,train,rice,healthy,rice_healthy
dataset/train/rice/healthy/rice_healthy_train_0085.jpg,train,rice,healthy,rice_healthy
dataset/train/rice/healthy/rice_healthy_train_0086.jpg,train,rice,healthy,rice_healthy
dataset/train/rice/healthy/rice_healthy_train_0087.jpg,train,rice,healthy,rice_healthy
dataset/train/rice/healthy/rice_healthy_train_0088.jpg,train,rice,healthy,rice_healthy
dataset/train/rice/healthy/rice_healthy_train_0089.jpg,train,rice,healthy,rice_healthy
dataset/train/rice/healthy/rice_healthy_train_0090.jpg,train,rice,healthy,rice_healthy
dataset/train/rice/healthy/rice_healthy_train_0091.jpg,train,rice,healthy,rice_healthy
dataset/train/rice/healthy/rice_healthy_train_0092.jpg,train,rice,healthy,rice_healthy
dataset/train/rice/healthy/rice_healthy_train_0093.jpg,train,rice,healthy,rice_healthy
dataset/train/rice/healthy/rice_healthy_train_0094.jpg,train,rice,healthy,rice_healthy
dataset/train/rice/healthy/rice_healthy_train_0095.jpg,train,rice,healthy,rice_healthy
dataset/train/rice/healthy/rice_healthy_train_0096.jpg,train,rice,healthy,rice_healthy
dataset/train/rice/healthy/rice_healthy_train_0097.jpg,train,rice,healthy,rice_healthy
dataset/train/rice/healthy/rice_healthy_train_0098.jpg,train,rice,healthy,rice_healthy
dataset/train/rice/healthy/rice_healthy_train_0099.jpg,train,rice,healthy,rice_healthy
dataset/train/rice/healthy/rice_healthy_train_0100.jpg,train,rice,healthy,rice_healthy
dataset/train/rice/healthy/rice_healthy_train_0101.jpg,train,rice,healthy,rice_healthy
dataset/train/rice/healthy/rice_healthy_train_0102.jpg,train,rice,healthy,rice_healthy
dataset/train/rice/healthy/rice_healthy_train_0103.jpg,train,rice,healthy,rice_healthy
dataset/train/rice/healthy/rice_healthy_train_0104.jpg,train,rice,healthy,rice_healthy
dataset/train/rice/healthy/rice_healthy_train_0105.jpg,train,rice,healthy,rice_healthy
dataset/val/rice/healthy/rice_healthy_val_0001.jpg,val,rice,healthy,rice_healthy
dataset/val/rice/healthy/rice_healthy_val_0002.jpg,val,rice,healthy,rice_healthy
dataset/val/rice/healthy/rice_healthy_val_0003.jpg,val,rice,healthy,rice_healthy
dataset/val/rice/healthy/rice_healthy_val_0004.jpg,val,rice,healthy,rice_healthy
dataset/val/rice/healthy/rice_healthy_val_0005.jpg,val,rice,healthy,rice_healthy
dataset/val/rice/healthy/rice_healthy_val_0006.jpg,val,rice,healthy,rice_healthy
dataset/val/rice/healthy/rice_healthy_val_0007.jpg,val,rice,healthy,rice_healthy
dataset/val/rice/healthy/rice_healthy_val_0008.jpg,val,rice,healthy,rice_healthy
dataset/val/rice/healthy/rice_healthy_val_0009.jpg,val,rice,healthy,rice_healthy
dataset/val/rice/healthy/rice_healthy_val_0010.jpg,val,rice,healthy,rice_healthy
dataset/val/rice/healthy/rice_healthy_val_0011.jpg,val,rice,healthy,rice_healthy
dataset/val/rice/healthy/rice_healthy_val_0012.jpg,val,rice,healthy,rice_healthy
dataset/val/rice/healthy/rice_healthy_val_0013.jpg,val,rice,healthy,rice_healthy
dataset/val/rice/healthy/rice_healthy_val_0014.jpg,val,rice,healthy,rice_healthy
dataset/val/rice/healthy/rice_healthy_val_0015.jpg,val,rice,healthy,rice_healthy
dataset/val/rice/healthy/rice_healthy_val_0016.jpg,val,rice,healthy,rice_healthy
dataset/val/rice/healthy/rice_healthy_val_0017.jpg,val,rice,healthy,rice_healthy
dataset/val/rice/healthy/rice_healthy_val_0018.jpg,val,rice,healthy,rice_healthy
dataset/val/rice/healthy/rice_healthy_val_0019.jpg,val,rice,healthy,rice_healthy
dataset/val/rice/healthy/rice_healthy_val_0020.jpg,val,rice,healthy,rice_healthy
dataset/val/rice/healthy/rice_healthy_val_0021.jpg,val,rice,healthy,rice_healthy
dataset/val/rice/healthy/rice_healthy_val_0022.jpg,val,rice,healthy,rice_healthy
dataset/test/rice/healthy/rice_healthy_test_0001.jpg,test,rice,healthy,rice_healthy
dataset/test/rice/healthy/rice_healthy_test_0002.jpg,test,rice,healthy,rice_healthy
dataset/test/rice/healthy/rice_healthy_test_0003.jpg,test,rice,healthy,rice_healthy
dataset/test/rice/healthy/rice_healthy_test_0004.jpg,test,rice,healthy,rice_healthy
dataset/test/rice/healthy/rice_healthy_test_0005.jpg,test,rice,healthy,rice_healthy
dataset/test/rice/healthy/rice_healthy_test_0006.jpg,test,rice,healthy,rice_healthy
dataset/test/rice/healthy/rice_healthy_test_0007.jpg,test,rice,healthy,rice_healthy
dataset/test/rice/healthy/rice_healthy_test_0008.jpg,test,rice,healthy,rice_healthy
dataset/test/rice/healthy/rice_healthy_test_0009.jpg,test,rice,healthy,rice_healthy
dataset/test/rice/healthy/rice_healthy_test_0010.jpg,test,rice,healthy,rice_healthy
dataset/test/rice/healthy/rice_healthy_test_0011.jpg,test,rice,healthy,rice_healthy
dataset/test/rice/healthy/rice_healthy_test_0012.jpg,test,rice,healthy,rice_healthy
dataset/test/rice/healthy/rice_healthy_test_0013.jpg,test,rice,healthy,rice_healthy
dataset/test/rice/healthy/rice_healthy_test_0014.jpg,test,rice,healthy,rice_healthy
dataset/test/rice/healthy/rice_healthy_test_0015.jpg,test,rice,healthy,rice_healthy
dataset/test/rice/healthy/rice_healthy_test_0016.jpg,test,rice,healthy,rice_healthy
dataset/test/rice/healthy/rice_healthy_test_0017.jpg,test,rice,healthy,rice_healthy
dataset/test/rice/healthy/rice_healthy_test_0018.jpg,test,rice,healthy,rice_healthy
dataset/test/rice/healthy/rice_healthy_test_0019.jpg,test,rice,healthy,rice_healthy
dataset/test/rice/healthy/rice_healthy_test_0020.jpg,test,rice,healthy,rice_healthy
dataset/test/rice/healthy/rice_healthy_test_0021.jpg,test,rice,healthy,rice_healthy
dataset/test/rice/healthy/rice_healthy_test_0022.jpg,test,rice,healthy,rice_healthy
dataset/test/rice/healthy/rice_healthy_test_0023.jpg,test,rice,healthy,rice_healthy
dataset/train/wheat/leaf_rust/wheat_leaf_rust_train_0001.jpg,train,wheat,leaf_rust,wheat_leaf_rust
dataset/train/wheat/leaf_rust/wheat_leaf_rust_train_0002.jpg,train,wheat,leaf_rust,wheat_leaf_rust
dataset/train/wheat/leaf_rust/wheat_leaf_rust_train_0003.jpg,train,wheat,leaf_rust,wheat_leaf_rust
dataset/train/wheat/leaf_rust/wheat_leaf_rust_train_0004.jpg,train,wheat,leaf_rust,wheat_leaf_rust
dataset/train/wheat/leaf_rust/wheat_leaf_rust_train_0005.jpg,train,wheat,leaf_rust,wheat_leaf_rust
dataset/train/wheat/leaf_rust/wheat_leaf_rust_train_0006.jpg,train,wheat,leaf_rust,wheat_leaf_rust
dataset/train/wheat/leaf_rust/wheat_leaf_rust_train_0007.jpg,train,wheat,leaf_rust,wheat_leaf_rust
dataset/train/wheat/leaf_rust/wheat_leaf_rust_train_0008.jpg,train,wheat,leaf_rust,wheat_leaf_rust
dataset/train/wheat/leaf_rust/wheat_leaf_rust_train_0009.jpg,train,wheat,leaf_rust,wheat_leaf_rust
dataset/train/wheat/leaf_rust/wheat_leaf_rust_train_0010.jpg,train,wheat,leaf_rust,wheat_leaf_rust
dataset/train/wheat/leaf_rust/wheat_leaf_rust_train_0011.jpg,train,wheat,leaf_rust,wheat_leaf_rust
dataset/train/wheat/leaf_rust/wheat_leaf_rust_train_0012.jpg,train,wheat,leaf_rust,wheat_leaf_rust
dataset/train/wheat/leaf_rust/wheat_leaf_rust_train_0013.jpg,train,wheat,leaf_rust,wheat_leaf_rust
dataset/train/wheat/leaf_rust/wheat_leaf_rust_train_0014.jpg,train,wheat,leaf_rust,wheat_leaf_rust
dataset/train/wheat/leaf_rust/wheat_leaf_rust_train_0015.jpg,train,wheat,leaf_rust,wheat_leaf_rust
dataset/train/wheat/leaf_rust/wheat_leaf_rust_train_0016.jpg,train,wheat,leaf_rust,wheat_leaf_rust
dataset/train/wheat/leaf_rust/wheat_leaf_rust_train_0017.jpg,train,wheat,leaf_rust,wheat_leaf_rust
dataset/train/wheat/leaf_rust/wheat_leaf_rust_train_0018.jpg,train,wheat,leaf_rust,wheat_leaf_rust
dataset/train/wheat/leaf_rust/wheat_leaf_rust_train_0019.jpg,train,wheat,leaf_rust,wheat_leaf_rust
dataset/train/wheat/leaf_rust/wheat_leaf_rust_train_0020.jpg,train,wheat,leaf_rust,wheat_leaf_rust
dataset/train/wheat/leaf_rust/wheat_leaf_rust_train_0021.jpg,train,wheat,leaf_rust,wheat_leaf_rust
dataset/train/wheat/leaf_rust/wheat_leaf_rust_train_0022.jpg,train,wheat,leaf_rust,wheat_leaf_rust
dataset/train/wheat/leaf_rust/wheat_leaf_rust_train_0023.jpg,train,wheat,leaf_rust,wheat_leaf_rust
dataset/train/wheat/leaf_rust/wheat_leaf_rust_train_0024.jpg,train,wheat,leaf_rust,wheat_leaf_rust
dataset/train/wheat/leaf_rust/wheat_leaf_rust_train_0025.jpg,train,wheat,leaf_rust,wheat_leaf_rust
dataset/train/wheat/leaf_rust/wheat_leaf_rust_train_0026.jpg,train,wheat,leaf_rust,wheat_leaf_rust
dataset/train/wheat/leaf_rust/wheat_leaf_rust_train_0027.jpg,train,wheat,leaf_rust,wheat_leaf_rust
dataset/train/wheat/leaf_rust/wheat_leaf_rust_train_0028.jpg,train,wheat,leaf_rust,wheat_leaf_rust
dataset/train/wheat/leaf_rust/wheat_leaf_rust_train_0029.jpg,train,wheat,leaf_rust,wheat_leaf_rust
dataset/train/wheat/leaf_rust/wheat_leaf_rust_train_0030.jpg,train,wheat,leaf_rust,wheat_leaf_rust
dataset/train/wheat/leaf_rust/wheat_leaf_rust_train_0031.jpg,train,wheat,leaf_rust,wheat_leaf_rust
dataset/train/wheat/leaf_rust/wheat_leaf_rust_train_0032.jpg,train,wheat,leaf_rust,wheat_leaf_rust
dataset/train/wheat/leaf_rust/wheat_leaf_rust_train_0033.jpg,train,wheat,leaf_rust,wheat_leaf_rust
dataset/train/wheat/leaf_rust/wheat_leaf_rust_train_0034.jpg,train,wheat,leaf_rust,wheat_leaf_rust
dataset/train/wheat/leaf_rust/wheat_leaf_rust_train_0035.jpg,train,wheat,leaf_rust,wheat_leaf_rust
dataset/train/wheat/leaf_rust/wheat_leaf_rust_train_0036.jpg,train,wheat,leaf_rust,wheat_leaf_rust
dataset/train/wheat/leaf_rust/wheat_leaf_rust_train_0037.jpg,train,wheat,leaf_rust,wheat_leaf_rust
dataset/train/wheat/leaf_rust/wheat_leaf_rust_train_0038.jpg,train,wheat,leaf_rust,wheat_leaf_rust
dataset/train/wheat/leaf_rust/wheat_leaf_rust_train_0039.jpg,train,wheat,leaf_rust,wheat_leaf_rust
dataset/train/wheat/leaf_rust/wheat_leaf_rust_train_0040.jpg,train,wheat,leaf_rust,wheat_leaf_rust
dataset/train/wheat/leaf_rust/wheat_leaf_rust_train_0041.jpg,train,wheat,leaf_rust,wheat_leaf_rust
dataset/train/wheat/leaf_rust/wheat_leaf_rust_train_0042.jpg,train,wheat,leaf_rust,wheat_leaf_rust
dataset/train/wheat/leaf_rust/wheat_leaf_rust_train_0043.jpg,train,wheat,leaf_rust,wheat_leaf_rust
dataset/train/wheat/leaf_rust/wheat_leaf_rust_train_0044.jpg,train,wheat,leaf_rust,wheat_leaf_rust
dataset/train/wheat/leaf_rust/wheat_leaf_rust_train_0045.jpg,train,wheat,leaf_rust,wheat_leaf_rust
dataset/train/wheat/leaf_rust/wheat_leaf_rust_train_0046.jpg,train,wheat,leaf_rust,wheat_leaf_rust
dataset/train/wheat/leaf_rust/wheat_leaf_rust_train_0047.jpg,train,wheat,leaf_rust,wheat_leaf_rust
dataset/train/wheat/leaf_rust/wheat_leaf_rust_train_0048.jpg,train,wheat,leaf_rust,wheat_leaf_rust
dataset/train/wheat/leaf_rust/wheat_leaf_rust_train_0049.jpg,train,wheat,leaf_rust,wheat_leaf_rust
dataset/train/wheat/leaf_rust/wheat_leaf_rust_train_0050.jpg,train,wheat,leaf_rust,wheat_leaf_rust
dataset/train/wheat/leaf_rust/wheat_leaf_rust_train_0051.jpg,train,wheat,leaf_rust,wheat_leaf_rust
dataset/train/wheat/leaf_rust/wheat_leaf_rust_train_0052.jpg,train,wheat,leaf_rust,wheat_leaf_rust
dataset/train/wheat/leaf_rust/wheat_leaf_rust_train_0053.jpg,train,wheat,leaf_rust,wheat_leaf_rust
dataset/train/wheat/leaf_rust/wheat_leaf_rust_train_0054.jpg,train,wheat,leaf_rust,wheat_leaf_rust
dataset/train/wheat/leaf_rust/wheat_leaf_rust_train_0055.jpg,train,wheat,leaf_rust,wheat_leaf_rust
dataset/train/wheat/leaf_rust/wheat_leaf_rust_train_0056.jpg,train,wheat,leaf_rust,wheat_leaf_rust
dataset/train/wheat/leaf_rust/wheat_leaf_rust_train_0057.jpg,train,wheat,leaf_rust,wheat_leaf_rust
dataset/train/wheat/leaf_rust/wheat_leaf_rust_train_0058.jpg,train,wheat,leaf_rust,wheat_leaf_rust
dataset/train/wheat/leaf_rust/wheat_leaf_rust_train_0059.jpg,train,wheat,leaf_rust,wheat_leaf_rust
dataset/train/wheat/leaf_rust/wheat_leaf_rust_train_0060.jpg,train,wheat,leaf_rust,wheat_leaf_rust
dataset/train/wheat/leaf_rust/wheat_leaf_rust_train_0061.jpg,train,wheat,leaf_rust,wheat_leaf_rust
dataset/train/wheat/leaf_rust/wheat_leaf_rust_train_0062.jpg,train,wheat,leaf_rust,wheat_leaf_rust
dataset/train/wheat/leaf_rust/wheat_leaf_rust_train_0063.jpg,train,wheat,leaf_rust,wheat_leaf_rust
dataset/train/wheat/leaf_rust/wheat_leaf_rust_train_0064.jpg,train,wheat,leaf_rust,wheat_leaf_rust
dataset/train/wheat/leaf_rust/wheat_leaf_rust_train_0065.jpg,train,wheat,leaf_rust,wheat_leaf_rust
dataset/train/wheat/leaf_rust/wheat_leaf_rust_train_0066.jpg,train,wheat,leaf_rust,wheat_leaf_rust
dataset/train/wheat/leaf_rust/wheat_leaf_rust_train_0067.jpg,train,wheat,leaf_rust,wheat_leaf_rust
dataset/train/wheat/leaf_rust/wheat_leaf_rust_train_0068.jpg,train,wheat,leaf_rust,wheat_leaf_rust
dataset/train/wheat/leaf_rust/wheat_leaf_rust_train_0069.jpg,train,wheat,leaf_rust,wheat_leaf_rust
dataset/train/wheat/leaf_rust/wheat_leaf_rust_train_0070.jpg,train,wheat,leaf_rust,wheat_leaf_rust
dataset/train/wheat/leaf_rust/wheat_leaf_rust_train_0071.jpg,train,wheat,leaf_rust,wheat_leaf_rust
dataset/train/wheat/leaf_rust/wheat_leaf_rust_train_0072.jpg,train,wheat,leaf_rust,wheat_leaf_rust
dataset/train/wheat/leaf_rust/wheat_leaf_rust_train_0073.jpg,train,wheat,leaf_rust,wheat_leaf_rust
dataset/train/wheat/leaf_rust/wheat_leaf_rust_train_0074.jpg,train,wheat,leaf_rust,wheat_leaf_rust
dataset/train/wheat/leaf_rust/wheat_leaf_rust_train_0075.jpg,train,wheat,leaf_rust,wheat_leaf_rust
dataset/train/wheat/leaf_rust/wheat_leaf_rust_train_0076.jpg,train,wheat,leaf_rust,wheat_leaf_rust
dataset/train/wheat/leaf_rust/wheat_leaf_rust_train_0077.jpg,train,wheat,leaf_rust,wheat_leaf_rust
dataset/train/wheat/leaf_rust/wheat_leaf_rust_train_0078.jpg,train,wheat,leaf_rust,wheat_leaf_rust
dataset/train/wheat/leaf_rust/wheat_leaf_rust_train_0079.jpg,train,wheat,leaf_rust,wheat_leaf_rust
dataset/train/wheat/leaf_rust/wheat_leaf_rust_train_0080.jpg,train,wheat,leaf_rust,wheat_leaf_rust
dataset/train/wheat/leaf_rust/wheat_leaf_rust_train_0081.jpg,train,wheat,leaf_rust,wheat_leaf_rust
dataset/train/wheat/leaf_rust/wheat_leaf_rust_train_0082.jpg,train,wheat,leaf_rust,wheat_leaf_rust
dataset/train/wheat/leaf_rust/wheat_leaf_rust_train_0083.jpg,train,wheat,leaf_rust,wheat_leaf_rust
dataset/train/wheat/leaf_rust/wheat_leaf_rust_train_0084.jpg,train,wheat,leaf_rust,wheat_leaf_rust
dataset/train/wheat/leaf_rust/wheat_leaf_rust_train_0085.jpg,train,wheat,leaf_rust,wheat_leaf_rust
dataset/train/wheat/leaf_rust/wheat_leaf_rust_train_0086.jpg,train,wheat,leaf_rust,wheat_leaf_rust
dataset/train/wheat/leaf_rust/wheat_leaf_rust_train_0087.jpg,train,wheat,leaf_rust,wheat_leaf_rust
dataset/train/wheat/leaf_rust/wheat_leaf_rust_train_0088.jpg,train,wheat,leaf_rust,wheat_leaf_rust
dataset/train/wheat/leaf_rust/wheat_leaf_rust_train_0089.jpg,train,wheat,leaf_rust,wheat_leaf_rust
dataset/train/wheat/leaf_rust/wheat_leaf_rust_train_0090.jpg,train,wheat,leaf_rust,wheat_leaf_rust
dataset/train/wheat/leaf_rust/wheat_leaf_rust_train_0091.jpg,train,wheat,leaf_rust,wheat_leaf_rust
dataset/train/wheat/leaf_rust/wheat_leaf_rust_train_0092.jpg,train,wheat,leaf_rust,wheat_leaf_rust
dataset/train/wheat/leaf_rust/wheat_leaf_rust_train_0093.jpg,train,wheat,leaf_rust,wheat_leaf_rust
dataset/train/wheat/leaf_rust/wheat_leaf_rust_train_0094.jpg,train,wheat,leaf_rust,wheat_leaf_rust
dataset/train/wheat/leaf_rust/wheat_leaf_rust_train_0095.jpg,train,wheat,leaf_rust,wheat_leaf_rust
dataset/train/wheat/leaf_rust/wheat_leaf_rust_train_0096.jpg,train,wheat,leaf_rust,wheat_leaf_rust
dataset/train/wheat/leaf_rust/wheat_leaf_rust_train_0097.jpg,train,wheat,leaf_rust,wheat_leaf_rust
dataset/train/wheat/leaf_rust/wheat_leaf_rust_train_0098.jpg,train,wheat,leaf_rust,wheat_leaf_rust
dataset/train/wheat/leaf_rust/wheat_leaf_rust_train_0099.jpg,train,wheat,leaf_rust,wheat_leaf_rust
dataset/train/wheat/leaf_rust/wheat_leaf_rust_train_0100.jpg,train,wheat,leaf_rust,wheat_leaf_rust
dataset/train/wheat/leaf_rust/wheat_leaf_rust_train_0101.jpg,train,wheat,leaf_rust,wheat_leaf_rust
dataset/train/wheat/leaf_rust/wheat_leaf_rust_train_0102.jpg,train,wheat,leaf_rust,wheat_leaf_rust
dataset/train/wheat/leaf_rust/wheat_leaf_rust_train_0103.jpg,train,wheat,leaf_rust,wheat_leaf_rust
dataset/train/wheat/leaf_rust/wheat_leaf_rust_train_0104.jpg,train,wheat,leaf_rust,wheat_leaf_rust
dataset/train/wheat/leaf_rust/wheat_leaf_rust_train_0105.jpg,train,wheat,leaf_rust,wheat_leaf_rust
dataset/val/wheat/leaf_rust/wheat_leaf_rust_val_0001.jpg,val,wheat,leaf_rust,wheat_leaf_rust
dataset/val/wheat/leaf_rust/wheat_leaf_rust_val_0002.jpg,val,wheat,leaf_rust,wheat_leaf_rust
dataset/val/wheat/leaf_rust/wheat_leaf_rust_val_0003.jpg,val,wheat,leaf_rust,wheat_leaf_rust
dataset/val/wheat/leaf_rust/wheat_leaf_rust_val_0004.jpg,val,wheat,leaf_rust,wheat_leaf_rust
dataset/val/wheat/leaf_rust/wheat_leaf_rust_val_0005.jpg,val,wheat,leaf_rust,wheat_leaf_rust
dataset/val/wheat/leaf_rust/wheat_leaf_rust_val_0006.jpg,val,wheat,leaf_rust,wheat_leaf_rust
dataset/val/wheat/leaf_rust/wheat_leaf_rust_val_0007.jpg,val,wheat,leaf_rust,wheat_leaf_rust
dataset/val/wheat/leaf_rust/wheat_leaf_rust_val_0008.jpg,val,wheat,leaf_rust,wheat_leaf_rust
dataset/val/wheat/leaf_rust/wheat_leaf_rust_val_0009.jpg,val,wheat,leaf_rust,wheat_leaf_rust
dataset/val/wheat/leaf_rust/wheat_leaf_rust_val_0010.jpg,val,wheat,leaf_rust,wheat_leaf_rust
dataset/val/wheat/leaf_rust/wheat_leaf_rust_val_0011.jpg,val,wheat,leaf_rust,wheat_leaf_rust
dataset/val/wheat/leaf_rust/wheat_leaf_rust_val_0012.jpg,val,wheat,leaf_rust,wheat_leaf_rust
dataset/val/wheat/leaf_rust/wheat_leaf_rust_val_0013.jpg,val,wheat,leaf_rust,wheat_leaf_rust
dataset/val/wheat/leaf_rust/wheat_leaf_rust_val_0014.jpg,val,wheat,leaf_rust,wheat_leaf_rust
dataset/val/wheat/leaf_rust/wheat_leaf_rust_val_0015.jpg,val,wheat,leaf_rust,wheat_leaf_rust
dataset/val/wheat/leaf_rust/wheat_leaf_rust_val_0016.jpg,val,wheat,leaf_rust,wheat_leaf_rust
dataset/val/wheat/leaf_rust/wheat_leaf_rust_val_0017.jpg,val,wheat,leaf_rust,wheat_leaf_rust
dataset/val/wheat/leaf_rust/wheat_leaf_rust_val_0018.jpg,val,wheat,leaf_rust,wheat_leaf_rust
dataset/val/wheat/leaf_rust/wheat_leaf_rust_val_0019.jpg,val,wheat,leaf_rust,wheat_leaf_rust
dataset/val/wheat/leaf_rust/wheat_leaf_rust_val_0020.jpg,val,wheat,leaf_rust,wheat_leaf_rust
dataset/val/wheat/leaf_rust/wheat_leaf_rust_val_0021.jpg,val,wheat,leaf_rust,wheat_leaf_rust
dataset/val/wheat/leaf_rust/wheat_leaf_rust_val_0022.jpg,val,wheat,leaf_rust,wheat_leaf_rust
dataset/test/wheat/leaf_rust/wheat_leaf_rust_test_0001.jpg,test,wheat,leaf_rust,wheat_leaf_rust
dataset/test/wheat/leaf_rust/wheat_leaf_rust_test_0002.jpg,test,wheat,leaf_rust,wheat_leaf_rust
dataset/test/wheat/leaf_rust/wheat_leaf_rust_test_0003.jpg,test,wheat,leaf_rust,wheat_leaf_rust
dataset/test/wheat/leaf_rust/wheat_leaf_rust_test_0004.jpg,test,wheat,leaf_rust,wheat_leaf_rust
dataset/test/wheat/leaf_rust/wheat_leaf_rust_test_0005.jpg,test,wheat,leaf_rust,wheat_leaf_rust
dataset/test/wheat/leaf_rust/wheat_leaf_rust_test_0006.jpg,test,wheat,leaf_rust,wheat_leaf_rust
dataset/test/wheat/leaf_rust/wheat_leaf_rust_test_0007.jpg,test,wheat,leaf_rust,wheat_leaf_rust
dataset/test/wheat/leaf_rust/wheat_leaf_rust_test_0008.jpg,test,wheat,leaf_rust,wheat_leaf_rust
dataset/test/wheat/leaf_rust/wheat_leaf_rust_test_0009.jpg,test,wheat,leaf_rust,wheat_leaf_rust
dataset/test/wheat/leaf_rust/wheat_leaf_rust_test_0010.jpg,test,wheat,leaf_rust,wheat_leaf_rust
dataset/test/wheat/leaf_rust/wheat_leaf_rust_test_0011.jpg,test,wheat,leaf_rust,wheat_leaf_rust
dataset/test/wheat/leaf_rust/wheat_leaf_rust_test_0012.jpg,test,wheat,leaf_rust,wheat_leaf_rust
dataset/test/wheat/leaf_rust/wheat_leaf_rust_test_0013.jpg,test,wheat,leaf_rust,wheat_leaf_rust
dataset/test/wheat/leaf_rust/wheat_leaf_rust_test_0014.jpg,test,wheat,leaf_rust,wheat_leaf_rust
dataset/test/wheat/leaf_rust/wheat_leaf_rust_test_0015.jpg,test,wheat,leaf_rust,wheat_leaf_rust
dataset/test/wheat/leaf_rust/wheat_leaf_rust_test_0016.jpg,test,wheat,leaf_rust,wheat_leaf_rust
dataset/test/wheat/leaf_rust/wheat_leaf_rust_test_0017.jpg,test,wheat,leaf_rust,wheat_leaf_rust
dataset/test/wheat/leaf_rust/wheat_leaf_rust_test_0018.jpg,test,wheat,leaf_rust,wheat_leaf_rust
dataset/test/wheat/leaf_rust/wheat_leaf_rust_test_0019.jpg,test,wheat,leaf_rust,wheat_leaf_rust
dataset/test/wheat/leaf_rust/wheat_leaf_rust_test_0020.jpg,test,wheat,leaf_rust,wheat_leaf_rust
dataset/test/wheat/leaf_rust/wheat_leaf_rust_test_0021.jpg,test,wheat,leaf_rust,wheat_leaf_rust
dataset/test/wheat/leaf_rust/wheat_leaf_rust_test_0022.jpg,test,wheat,leaf_rust,wheat_leaf_rust
dataset/test/wheat/leaf_rust/wheat_leaf_rust_test_0023.jpg,test,wheat,leaf_rust,wheat_leaf_rust
dataset/train/wheat/yellow_rust/wheat_yellow_rust_train_0001.jpg,train,wheat,yellow_rust,wheat_yellow_rust
dataset/train/wheat/yellow_rust/wheat_yellow_rust_train_0002.jpg,train,wheat,yellow_rust,wheat_yellow_rust
dataset/train/wheat/yellow_rust/wheat_yellow_rust_train_0003.jpg,train,wheat,yellow_rust,wheat_yellow_rust
dataset/train/wheat/yellow_rust/wheat_yellow_rust_train_0004.jpg,train,wheat,yellow_rust,wheat_yellow_rust
dataset/train/wheat/yellow_rust/wheat_yellow_rust_train_0005.jpg,train,wheat,yellow_rust,wheat_yellow_rust
dataset/train/wheat/yellow_rust/wheat_yellow_rust_train_0006.jpg,train,wheat,yellow_rust,wheat_yellow_rust
dataset/train/wheat/yellow_rust/wheat_yellow_rust_train_0007.jpg,train,wheat,yellow_rust,wheat_yellow_rust
dataset/train/wheat/yellow_rust/wheat_yellow_rust_train_0008.jpg,train,wheat,yellow_rust,wheat_yellow_rust
dataset/train/wheat/yellow_rust/wheat_yellow_rust_train_0009.jpg,train,wheat,yellow_rust,wheat_yellow_rust
dataset/train/wheat/yellow_rust/wheat_yellow_rust_train_0010.jpg,train,wheat,yellow_rust,wheat_yellow_rust
dataset/train/wheat/yellow_rust/wheat_yellow_rust_train_0011.jpg,train,wheat,yellow_rust,wheat_yellow_rust
dataset/train/wheat/yellow_rust/wheat_yellow_rust_train_0012.jpg,train,wheat,yellow_rust,wheat_yellow_rust
dataset/train/wheat/yellow_rust/wheat_yellow_rust_train_0013.jpg,train,wheat,yellow_rust,wheat_yellow_rust
dataset/train/wheat/yellow_rust/wheat_yellow_rust_train_0014.jpg,train,wheat,yellow_rust,wheat_yellow_rust
dataset/train/wheat/yellow_rust/wheat_yellow_rust_train_0015.jpg,train,wheat,yellow_rust,wheat_yellow_rust
dataset/train/wheat/yellow_rust/wheat_yellow_rust_train_0016.jpg,train,wheat,yellow_rust,wheat_yellow_rust
dataset/train/wheat/yellow_rust/wheat_yellow_rust_train_0017.jpg,train,wheat,yellow_rust,wheat_yellow_rust
dataset/train/wheat/yellow_rust/wheat_yellow_rust_train_0018.jpg,train,wheat,yellow_rust,wheat_yellow_rust
dataset/train/wheat/yellow_rust/wheat_yellow_rust_train_0019.jpg,train,wheat,yellow_rust,wheat_yellow_rust
dataset/train/wheat/yellow_rust/wheat_yellow_rust_train_0020.jpg,train,wheat,yellow_rust,wheat_yellow_rust
dataset/train/wheat/yellow_rust/wheat_yellow_rust_train_0021.jpg,train,wheat,yellow_rust,wheat_yellow_rust
dataset/train/wheat/yellow_rust/wheat_yellow_rust_train_0022.jpg,train,wheat,yellow_rust,wheat_yellow_rust
dataset/train/wheat/yellow_rust/wheat_yellow_rust_train_0023.jpg,train,wheat,yellow_rust,wheat_yellow_rust
dataset/train/wheat/yellow_rust/wheat_yellow_rust_train_0024.jpg,train,wheat,yellow_rust,wheat_yellow_rust
dataset/train/wheat/yellow_rust/wheat_yellow_rust_train_0025.jpg,train,wheat,yellow_rust,wheat_yellow_rust
dataset/train/wheat/yellow_rust/wheat_yellow_rust_train_0026.jpg,train,wheat,yellow_rust,wheat_yellow_rust
dataset/train/wheat/yellow_rust/wheat_yellow_rust_train_0027.jpg,train,wheat,yellow_rust,wheat_yellow_rust
dataset/train/wheat/yellow_rust/wheat_yellow_rust_train_0028.jpg,train,wheat,yellow_rust,wheat_yellow_rust
dataset/train/wheat/yellow_rust/wheat_yellow_rust_train_0029.jpg,train,wheat,yellow_rust,wheat_yellow_rust
dataset/train/wheat/yellow_rust/wheat_yellow_rust_train_0030.jpg,train,wheat,yellow_rust,wheat_yellow_rust
dataset/train/wheat/yellow_rust/wheat_yellow_rust_train_0031.jpg,train,wheat,yellow_rust,wheat_yellow_rust
dataset/train/wheat/yellow_rust/wheat_yellow_rust_train_0032.jpg,train,wheat,yellow_rust,wheat_yellow_rust
dataset/train/wheat/yellow_rust/wheat_yellow_rust_train_0033.jpg,train,wheat,yellow_rust,wheat_yellow_rust
dataset/train/wheat/yellow_rust/wheat_yellow_rust_train_0034.jpg,train,wheat,yellow_rust,wheat_yellow_rust
dataset/train/wheat/yellow_rust/wheat_yellow_rust_train_0035.jpg,train,wheat,yellow_rust,wheat_yellow_rust
dataset/train/wheat/yellow_rust/wheat_yellow_rust_train_0036.jpg,train,wheat,yellow_rust,wheat_yellow_rust
dataset/train/wheat/yellow_rust/wheat_yellow_rust_train_0037.jpg,train,wheat,yellow_rust,wheat_yellow_rust
dataset/train/wheat/yellow_rust/wheat_yellow_rust_train_0038.jpg,train,wheat,yellow_rust,wheat_yellow_rust
dataset/train/wheat/yellow_rust/wheat_yellow_rust_train_0039.jpg,train,wheat,yellow_rust,wheat_yellow_rust
dataset/train/wheat/yellow_rust/wheat_yellow_rust_train_0040.jpg,train,wheat,yellow_rust,wheat_yellow_rust
dataset/train/wheat/yellow_rust/wheat_yellow_rust_train_0041.jpg,train,wheat,yellow_rust,wheat_yellow_rust
dataset/train/wheat/yellow_rust/wheat_yellow_rust_train_0042.jpg,train,wheat,yellow_rust,wheat_yellow_rust
dataset/train/wheat/yellow_rust/wheat_yellow_rust_train_0043.jpg,train,wheat,yellow_rust,wheat_yellow_rust
dataset/train/wheat/yellow_rust/wheat_yellow_rust_train_0044.jpg,train,wheat,yellow_rust,wheat_yellow_rust
dataset/train/wheat/yellow_rust/wheat_yellow_rust_train_0045.jpg,train,wheat,yellow_rust,wheat_yellow_rust
dataset/train/wheat/yellow_rust/wheat_yellow_rust_train_0046.jpg,train,wheat,yellow_rust,wheat_yellow_rust
dataset/train/wheat/yellow_rust/wheat_yellow_rust_train_0047.jpg,train,wheat,yellow_rust,wheat_yellow_rust
dataset/train/wheat/yellow_rust/wheat_yellow_rust_train_0048.jpg,train,wheat,yellow_rust,wheat_yellow_rust
dataset/train/wheat/yellow_rust/wheat_yellow_rust_train_0049.jpg,train,wheat,yellow_rust,wheat_yellow_rust
dataset/train/wheat/yellow_rust/wheat_yellow_rust_train_0050.jpg,train,wheat,yellow_rust,wheat_yellow_rust
dataset/train/wheat/yellow_rust/wheat_yellow_rust_train_0051.jpg,train,wheat,yellow_rust,wheat_yellow_rust
dataset/train/wheat/yellow_rust/wheat_yellow_rust_train_0052.jpg,train,wheat,yellow_rust,wheat_yellow_rust
dataset/train/wheat/yellow_rust/wheat_yellow_rust_train_0053.jpg,train,wheat,yellow_rust,wheat_yellow_rust
dataset/train/wheat/yellow_rust/wheat_yellow_rust_train_0054.jpg,train,wheat,yellow_rust,wheat_yellow_rust
dataset/train/wheat/yellow_rust/wheat_yellow_rust_train_0055.jpg,train,wheat,yellow_rust,wheat_yellow_rust
dataset/train/wheat/yellow_rust/wheat_yellow_rust_train_0056.jpg,train,wheat,yellow_rust,wheat_yellow_rust
dataset/train/wheat/yellow_rust/wheat_yellow_rust_train_0057.jpg,train,wheat,yellow_rust,wheat_yellow_rust
dataset/train/wheat/yellow_rust/wheat_yellow_rust_train_0058.jpg,train,wheat,yellow_rust,wheat_yellow_rust
dataset/train/wheat/yellow_rust/wheat_yellow_rust_train_0059.jpg,train,wheat,yellow_rust,wheat_yellow_rust
dataset/train/wheat/yellow_rust/wheat_yellow_rust_train_0060.jpg,train,wheat,yellow_rust,wheat_yellow_rust
dataset/train/wheat/yellow_rust/wheat_yellow_rust_train_0061.jpg,train,wheat,yellow_rust,wheat_yellow_rust
dataset/train/wheat/yellow_rust/wheat_yellow_rust_train_0062.jpg,train,wheat,yellow_rust,wheat_yellow_rust
dataset/train/wheat/yellow_rust/wheat_yellow_rust_train_0063.jpg,train,wheat,yellow_rust,wheat_yellow_rust
dataset/train/wheat/yellow_rust/wheat_yellow_rust_train_0064.jpg,train,wheat,yellow_rust,wheat_yellow_rust
dataset/train/wheat/yellow_rust/wheat_yellow_rust_train_0065.jpg,train,wheat,yellow_rust,wheat_yellow_rust
dataset/train/wheat/yellow_rust/wheat_yellow_rust_train_0066.jpg,train,wheat,yellow_rust,wheat_yellow_rust
dataset/train/wheat/yellow_rust/wheat_yellow_rust_train_0067.jpg,train,wheat,yellow_rust,wheat_yellow_rust
dataset/train/wheat/yellow_rust/wheat_yellow_rust_train_0068.jpg,train,wheat,yellow_rust,wheat_yellow_rust
dataset/train/wheat/yellow_rust/wheat_yellow_rust_train_0069.jpg,train,wheat,yellow_rust,wheat_yellow_rust
dataset/train/wheat/yellow_rust/wheat_yellow_rust_train_0070.jpg,train,wheat,yellow_rust,wheat_yellow_rust
dataset/train/wheat/yellow_rust/wheat_yellow_rust_train_0071.jpg,train,wheat,yellow_rust,wheat_yellow_rust
dataset/train/wheat/yellow_rust/wheat_yellow_rust_train_0072.jpg,train,wheat,yellow_rust,wheat_yellow_rust
dataset/train/wheat/yellow_rust/wheat_yellow_rust_train_0073.jpg,train,wheat,yellow_rust,wheat_yellow_rust
dataset/train/wheat/yellow_rust/wheat_yellow_rust_train_0074.jpg,train,wheat,yellow_rust,wheat_yellow_rust
dataset/train/wheat/yellow_rust/wheat_yellow_rust_train_0075.jpg,train,wheat,yellow_rust,wheat_yellow_rust
dataset/train/wheat/yellow_rust/wheat_yellow_rust_train_0076.jpg,train,wheat,yellow_rust,wheat_yellow_rust
dataset/train/wheat/yellow_rust/wheat_yellow_rust_train_0077.jpg,train,wheat,yellow_rust,wheat_yellow_rust
dataset/train/wheat/yellow_rust/wheat_yellow_rust_train_0078.jpg,train,wheat,yellow_rust,wheat_yellow_rust
dataset/train/wheat/yellow_rust/wheat_yellow_rust_train_0079.jpg,train,wheat,yellow_rust,wheat_yellow_rust
dataset/train/wheat/yellow_rust/wheat_yellow_rust_train_0080.jpg,train,wheat,yellow_rust,wheat_yellow_rust
dataset/train/wheat/yellow_rust/wheat_yellow_rust_train_0081.jpg,train,wheat,yellow_rust,wheat_yellow_rust
dataset/train/wheat/yellow_rust/wheat_yellow_rust_train_0082.jpg,train,wheat,yellow_rust,wheat_yellow_rust
dataset/train/wheat/yellow_rust/wheat_yellow_rust_train_0083.jpg,train,wheat,yellow_rust,wheat_yellow_rust
dataset/train/wheat/yellow_rust/wheat_yellow_rust_train_0084.jpg,train,wheat,yellow_rust,wheat_yellow_rust
dataset/train/wheat/yellow_rust/wheat_yellow_rust_train_0085.jpg,train,wheat,yellow_rust,wheat_yellow_rust
dataset/train/wheat/yellow_rust/wheat_yellow_rust_train_0086.jpg,train,wheat,yellow_rust,wheat_yellow_rust
dataset/train/wheat/yellow_rust/wheat_yellow_rust_train_0087.jpg,train,wheat,yellow_rust,wheat_yellow_rust
dataset/train/wheat/yellow_rust/wheat_yellow_rust_train_0088.jpg,train,wheat,yellow_rust,wheat_yellow_rust
dataset/train/wheat/yellow_rust/wheat_yellow_rust_train_0089.jpg,train,wheat,yellow_rust,wheat_yellow_rust
dataset/train/wheat/yellow_rust/wheat_yellow_rust_train_0090.jpg,train,wheat,yellow_rust,wheat_yellow_rust
dataset/train/wheat/yellow_rust/wheat_yellow_rust_train_0091.jpg,train,wheat,yellow_rust,wheat_yellow_rust
dataset/train/wheat/yellow_rust/wheat_yellow_rust_train_0092.jpg,train,wheat,yellow_rust,wheat_yellow_rust
dataset/train/wheat/yellow_rust/wheat_yellow_rust_train_0093.jpg,train,wheat,yellow_rust,wheat_yellow_rust
dataset/train/wheat/yellow_rust/wheat_yellow_rust_train_0094.jpg,train,wheat,yellow_rust,wheat_yellow_rust
dataset/train/wheat/yellow_rust/wheat_yellow_rust_train_0095.jpg,train,wheat,yellow_rust,wheat_yellow_rust
dataset/train/wheat/yellow_rust/wheat_yellow_rust_train_0096.jpg,train,wheat,yellow_rust,wheat_yellow_rust
dataset/train/wheat/yellow_rust/wheat_yellow_rust_train_0097.jpg,train,wheat,yellow_rust,wheat_yellow_rust
dataset/train/wheat/yellow_rust/wheat_yellow_rust_train_0098.jpg,train,wheat,yellow_rust,wheat_yellow_rust
dataset/train/wheat/yellow_rust/wheat_yellow_rust_train_0099.jpg,train,wheat,yellow_rust,wheat_yellow_rust
dataset/train/wheat/yellow_rust/wheat_yellow_rust_train_0100.jpg,train,wheat,yellow_rust,wheat_yellow_rust
dataset/train/wheat/yellow_rust/wheat_yellow_rust_train_0101.jpg,train,wheat,yellow_rust,wheat_yellow_rust
dataset/train/wheat/yellow_rust/wheat_yellow_rust_train_0102.jpg,train,wheat,yellow_rust,wheat_yellow_rust
dataset/train/wheat/yellow_rust/wheat_yellow_rust_train_0103.jpg,train,wheat,yellow_rust,wheat_yellow_rust
dataset/train/wheat/yellow_rust/wheat_yellow_rust_train_0104.jpg,train,wheat,yellow_rust,wheat_yellow_rust
dataset/train/wheat/yellow_rust/wheat_yellow_rust_train_0105.jpg,train,wheat,yellow_rust,wheat_yellow_rust
dataset/val/wheat/yellow_rust/wheat_yellow_rust_val_0001.jpg,val,wheat,yellow_rust,wheat_yellow_rust
dataset/val/wheat/yellow_rust/wheat_yellow_rust_val_0002.jpg,val,wheat,yellow_rust,wheat_yellow_rust
dataset/val/wheat/yellow_rust/wheat_yellow_rust_val_0003.jpg,val,wheat,yellow_rust,wheat_yellow_rust
dataset/val/wheat/yellow_rust/wheat_yellow_rust_val_0004.jpg,val,wheat,yellow_rust,wheat_yellow_rust
dataset/val/wheat/yellow_rust/wheat_yellow_rust_val_0005.jpg,val,wheat,yellow_rust,wheat_yellow_rust
dataset/val/wheat/yellow_rust/wheat_yellow_rust_val_0006.jpg,val,wheat,yellow_rust,wheat_yellow_rust
dataset/val/wheat/yellow_rust/wheat_yellow_rust_val_0007.jpg,val,wheat,yellow_rust,wheat_yellow_rust
dataset/val/wheat/yellow_rust/wheat_yellow_rust_val_0008.jpg,val,wheat,yellow_rust,wheat_yellow_rust
dataset/val/wheat/yellow_rust/wheat_yellow_rust_val_0009.jpg,val,wheat,yellow_rust,wheat_yellow_rust
dataset/val/wheat/yellow_rust/wheat_yellow_rust_val_0010.jpg,val,wheat,yellow_rust,wheat_yellow_rust
dataset/val/wheat/yellow_rust/wheat_yellow_rust_val_0011.jpg,val,wheat,yellow_rust,wheat_yellow_rust
dataset/val/wheat/yellow_rust/wheat_yellow_rust_val_0012.jpg,val,wheat,yellow_rust,wheat_yellow_rust
dataset/val/wheat/yellow_rust/wheat_yellow_rust_val_0013.jpg,val,wheat,yellow_rust,wheat_yellow_rust
dataset/val/wheat/yellow_rust/wheat_yellow_rust_val_0014.jpg,val,wheat,yellow_rust,wheat_yellow_rust
dataset/val/wheat/yellow_rust/wheat_yellow_rust_val_0015.jpg,val,wheat,yellow_rust,wheat_yellow_rust
dataset/val/wheat/yellow_rust/wheat_yellow_rust_val_0016.jpg,val,wheat,yellow_rust,wheat_yellow_rust
dataset/val/wheat/yellow_rust/wheat_yellow_rust_val_0017.jpg,val,wheat,yellow_rust,wheat_yellow_rust
dataset/val/wheat/yellow_rust/wheat_yellow_rust_val_0018.jpg,val,wheat,yellow_rust,wheat_yellow_rust
dataset/val/wheat/yellow_rust/wheat_yellow_rust_val_0019.jpg,val,wheat,yellow_rust,wheat_yellow_rust
dataset/val/wheat/yellow_rust/wheat_yellow_rust_val_0020.jpg,val,wheat,yellow_rust,wheat_yellow_rust
dataset/val/wheat/yellow_rust/wheat_yellow_rust_val_0021.jpg,val,wheat,yellow_rust,wheat_yellow_rust
dataset/val/wheat/yellow_rust/wheat_yellow_rust_val_0022.jpg,val,wheat,yellow_rust,wheat_yellow_rust
dataset/test/wheat/yellow_rust/wheat_yellow_rust_test_0001.jpg,test,wheat,yellow_rust,wheat_yellow_rust
dataset/test/wheat/yellow_rust/wheat_yellow_rust_test_0002.jpg,test,wheat,yellow_rust,wheat_yellow_rust
dataset/test/wheat/yellow_rust/wheat_yellow_rust_test_0003.jpg,test,wheat,yellow_rust,wheat_yellow_rust
dataset/test/wheat/yellow_rust/wheat_yellow_rust_test_0004.jpg,test,wheat,yellow_rust,wheat_yellow_rust
dataset/test/wheat/yellow_rust/wheat_yellow_rust_test_0005.jpg,test,wheat,yellow_rust,wheat_yellow_rust
dataset/test/wheat/yellow_rust/wheat_yellow_rust_test_0006.jpg,test,wheat,yellow_rust,wheat_yellow_rust
dataset/test/wheat/yellow_rust/wheat_yellow_rust_test_0007.jpg,test,wheat,yellow_rust,wheat_yellow_rust
dataset/test/wheat/yellow_rust/wheat_yellow_rust_test_0008.jpg,test,wheat,yellow_rust,wheat_yellow_rust
dataset/test/wheat/yellow_rust/wheat_yellow_rust_test_0009.jpg,test,wheat,yellow_rust,wheat_yellow_rust
dataset/test/wheat/yellow_rust/wheat_yellow_rust_test_0010.jpg,test,wheat,yellow_rust,wheat_yellow_rust
dataset/test/wheat/yellow_rust/wheat_yellow_rust_test_0011.jpg,test,wheat,yellow_rust,wheat_yellow_rust
dataset/test/wheat/yellow_rust/wheat_yellow_rust_test_0012.jpg,test,wheat,yellow_rust,wheat_yellow_rust
dataset/test/wheat/yellow_rust/wheat_yellow_rust_test_0013.jpg,test,wheat,yellow_rust,wheat_yellow_rust
dataset/test/wheat/yellow_rust/wheat_yellow_rust_test_0014.jpg,test,wheat,yellow_rust,wheat_yellow_rust
dataset/test/wheat/yellow_rust/wheat_yellow_rust_test_0015.jpg,test,wheat,yellow_rust,wheat_yellow_rust
dataset/test/wheat/yellow_rust/wheat_yellow_rust_test_0016.jpg,test,wheat,yellow_rust,wheat_yellow_rust
dataset/test/wheat/yellow_rust/wheat_yellow_rust_test_0017.jpg,test,wheat,yellow_rust,wheat_yellow_rust
dataset/test/wheat/yellow_rust/wheat_yellow_rust_test_0018.jpg,test,wheat,yellow_rust,wheat_yellow_rust
dataset/test/wheat/yellow_rust/wheat_yellow_rust_test_0019.jpg,test,wheat,yellow_rust,wheat_yellow_rust
dataset/test/wheat/yellow_rust/wheat_yellow_rust_test_0020.jpg,test,wheat,yellow_rust,wheat_yellow_rust
dataset/test/wheat/yellow_rust/wheat_yellow_rust_test_0021.jpg,test,wheat,yellow_rust,wheat_yellow_rust
dataset/test/wheat/yellow_rust/wheat_yellow_rust_test_0022.jpg,test,wheat,yellow_rust,wheat_yellow_rust
dataset/test/wheat/yellow_rust/wheat_yellow_rust_test_0023.jpg,test,wheat,yellow_rust,wheat_yellow_rust
dataset/train/wheat/powdery_mildew/wheat_powdery_mildew_train_0001.jpg,train,wheat,powdery_mildew,wheat_powdery_mildew
dataset/train/wheat/powdery_mildew/wheat_powdery_mildew_train_0002.jpg,train,wheat,powdery_mildew,wheat_powdery_mildew
dataset/train/wheat/powdery_mildew/wheat_powdery_mildew_train_0003.jpg,train,wheat,powdery_mildew,wheat_powdery_mildew
dataset/train/wheat/powdery_mildew/wheat_powdery_mildew_train_0004.jpg,train,wheat,powdery_mildew,wheat_powdery_mildew
dataset/train/wheat/powdery_mildew/wheat_powdery_mildew_train_0005.jpg,train,wheat,powdery_mildew,wheat_powdery_mildew
dataset/train/wheat/powdery_mildew/wheat_powdery_mildew_train_0006.jpg,train,wheat,powdery_mildew,wheat_powdery_mildew
dataset/train/wheat/powdery_mildew/wheat_powdery_mildew_train_0007.jpg,train,wheat,powdery_mildew,wheat_powdery_mildew
dataset/train/wheat/powdery_mildew/wheat_powdery_mildew_train_0008.jpg,train,wheat,powdery_mildew,wheat_powdery_mildew
dataset/train/wheat/powdery_mildew/wheat_powdery_mildew_train_0009.jpg,train,wheat,powdery_mildew,wheat_powdery_mildew
dataset/train/wheat/powdery_mildew/wheat_powdery_mildew_train_0010.jpg,train,wheat,powdery_mildew,wheat_powdery_mildew
dataset/train/wheat/powdery_mildew/wheat_powdery_mildew_train_0011.jpg,train,wheat,powdery_mildew,wheat_powdery_mildew
dataset/train/wheat/powdery_mildew/wheat_powdery_mildew_train_0012.jpg,train,wheat,powdery_mildew,wheat_powdery_mildew
dataset/train/wheat/powdery_mildew/wheat_powdery_mildew_train_0013.jpg,train,wheat,powdery_mildew,wheat_powdery_mildew
dataset/train/wheat/powdery_mildew/wheat_powdery_mildew_train_0014.jpg,train,wheat,powdery_mildew,wheat_powdery_mildew
dataset/train/wheat/powdery_mildew/wheat_powdery_mildew_train_0015.jpg,train,wheat,powdery_mildew,wheat_powdery_mildew
dataset/train/wheat/powdery_mildew/wheat_powdery_mildew_train_0016.jpg,train,wheat,powdery_mildew,wheat_powdery_mildew
dataset/train/wheat/powdery_mildew/wheat_powdery_mildew_train_0017.jpg,train,wheat,powdery_mildew,wheat_powdery_mildew
dataset/train/wheat/powdery_mildew/wheat_powdery_mildew_train_0018.jpg,train,wheat,powdery_mildew,wheat_powdery_mildew
dataset/train/wheat/powdery_mildew/wheat_powdery_mildew_train_0019.jpg,train,wheat,powdery_mildew,wheat_powdery_mildew
dataset/train/wheat/powdery_mildew/wheat_powdery_mildew_train_0020.jpg,train,wheat,powdery_mildew,wheat_powdery_mildew
dataset/train/wheat/powdery_mildew/wheat_powdery_mildew_train_0021.jpg,train,wheat,powdery_mildew,wheat_powdery_mildew
dataset/train/wheat/powdery_mildew/wheat_powdery_mildew_train_0022.jpg,train,wheat,powdery_mildew,wheat_powdery_mildew
dataset/train/wheat/powdery_mildew/wheat_powdery_mildew_train_0023.jpg,train,wheat,powdery_mildew,wheat_powdery_mildew
dataset/train/wheat/powdery_mildew/wheat_powdery_mildew_train_0024.jpg,train,wheat,powdery_mildew,wheat_powdery_mildew
dataset/train/wheat/powdery_mildew/wheat_powdery_mildew_train_0025.jpg,train,wheat,powdery_mildew,wheat_powdery_mildew
dataset/train/wheat/powdery_mildew/wheat_powdery_mildew_train_0026.jpg,train,wheat,powdery_mildew,wheat_powdery_mildew
dataset/train/wheat/powdery_mildew/wheat_powdery_mildew_train_0027.jpg,train,wheat,powdery_mildew,wheat_powdery_mildew
dataset/train/wheat/powdery_mildew/wheat_powdery_mildew_train_0028.jpg,train,wheat,powdery_mildew,wheat_powdery_mildew
dataset/train/wheat/powdery_mildew/wheat_powdery_mildew_train_0029.jpg,train,wheat,powdery_mildew,wheat_powdery_mildew
dataset/train/wheat/powdery_mildew/wheat_powdery_mildew_train_0030.jpg,train,wheat,powdery_mildew,wheat_powdery_mildew
dataset/train/wheat/powdery_mildew/wheat_powdery_mildew_train_0031.jpg,train,wheat,powdery_mildew,wheat_powdery_mildew
dataset/train/wheat/powdery_mildew/wheat_powdery_mildew_train_0032.jpg,train,wheat,powdery_mildew,wheat_powdery_mildew
dataset/train/wheat/powdery_mildew/wheat_powdery_mildew_train_0033.jpg,train,wheat,powdery_mildew,wheat_powdery_mildew
dataset/train/wheat/powdery_mildew/wheat_powdery_mildew_train_0034.jpg,train,wheat,powdery_mildew,wheat_powdery_mildew
dataset/train/wheat/powdery_mildew/wheat_powdery_mildew_train_0035.jpg,train,wheat,powdery_mildew,wheat_powdery_mildew
dataset/train/wheat/powdery_mildew/wheat_powdery_mildew_train_0036.jpg,train,wheat,powdery_mildew,wheat_powdery_mildew
dataset/train/wheat/powdery_mildew/wheat_powdery_mildew_train_0037.jpg,train,wheat,powdery_mildew,wheat_powdery_mildew
dataset/train/wheat/powdery_mildew/wheat_powdery_mildew_train_0038.jpg,train,wheat,powdery_mildew,wheat_powdery_mildew
dataset/train/wheat/powdery_mildew/wheat_powdery_mildew_train_0039.jpg,train,wheat,powdery_mildew,wheat_powdery_mildew
dataset/train/wheat/powdery_mildew/wheat_powdery_mildew_train_0040.jpg,train,wheat,powdery_mildew,wheat_powdery_mildew
dataset/train/wheat/powdery_mildew/wheat_powdery_mildew_train_0041.jpg,train,wheat,powdery_mildew,wheat_powdery_mildew
dataset/train/wheat/powdery_mildew/wheat_powdery_mildew_train_0042.jpg,train,wheat,powdery_mildew,wheat_powdery_mildew
dataset/train/wheat/powdery_mildew/wheat_powdery_mildew_train_0043.jpg,train,wheat,powdery_mildew,wheat_powdery_mildew
dataset/train/wheat/powdery_mildew/wheat_powdery_mildew_train_0044.jpg,train,wheat,powdery_mildew,wheat_powdery_mildew
dataset/train/wheat/powdery_mildew/wheat_powdery_mildew_train_0045.jpg,train,wheat,powdery_mildew,wheat_powdery_mildew
dataset/train/wheat/powdery_mildew/wheat_powdery_mildew_train_0046.jpg,train,wheat,powdery_mildew,wheat_powdery_mildew
dataset/train/wheat/powdery_mildew/wheat_powdery_mildew_train_0047.jpg,train,wheat,powdery_mildew,wheat_powdery_mildew
dataset/train/wheat/powdery_mildew/wheat_powdery_mildew_train_0048.jpg,train,wheat,powdery_mildew,wheat_powdery_mildew
dataset/train/wheat/powdery_mildew/wheat_powdery_mildew_train_0049.jpg,train,wheat,powdery_mildew,wheat_powdery_mildew
dataset/train/wheat/powdery_mildew/wheat_powdery_mildew_train_0050.jpg,train,wheat,powdery_mildew,wheat_powdery_mildew
dataset/train/wheat/powdery_mildew/wheat_powdery_mildew_train_0051.jpg,train,wheat,powdery_mildew,wheat_powdery_mildew
dataset/train/wheat/powdery_mildew/wheat_powdery_mildew_train_0052.jpg,train,wheat,powdery_mildew,wheat_powdery_mildew
dataset/train/wheat/powdery_mildew/wheat_powdery_mildew_train_0053.jpg,train,wheat,powdery_mildew,wheat_powdery_mildew
dataset/train/wheat/powdery_mildew/wheat_powdery_mildew_train_0054.jpg,train,wheat,powdery_mildew,wheat_powdery_mildew
dataset/train/wheat/powdery_mildew/wheat_powdery_mildew_train_0055.jpg,train,wheat,powdery_mildew,wheat_powdery_mildew
dataset/train/wheat/powdery_mildew/wheat_powdery_mildew_train_0056.jpg,train,wheat,powdery_mildew,wheat_powdery_mildew
dataset/train/wheat/powdery_mildew/wheat_powdery_mildew_train_0057.jpg,train,wheat,powdery_mildew,wheat_powdery_mildew
dataset/train/wheat/powdery_mildew/wheat_powdery_mildew_train_0058.jpg,train,wheat,powdery_mildew,wheat_powdery_mildew
dataset/train/wheat/powdery_mildew/wheat_powdery_mildew_train_0059.jpg,train,wheat,powdery_mildew,wheat_powdery_mildew
dataset/train/wheat/powdery_mildew/wheat_powdery_mildew_train_0060.jpg,train,wheat,powdery_mildew,wheat_powdery_mildew
dataset/train/wheat/powdery_mildew/wheat_powdery_mildew_train_0061.jpg,train,wheat,powdery_mildew,wheat_powdery_mildew
dataset/train/wheat/powdery_mildew/wheat_powdery_mildew_train_0062.jpg,train,wheat,powdery_mildew,wheat_powdery_mildew
dataset/train/wheat/powdery_mildew/wheat_powdery_mildew_train_0063.jpg,train,wheat,powdery_mildew,wheat_powdery_mildew
dataset/train/wheat/powdery_mildew/wheat_powdery_mildew_train_0064.jpg,train,wheat,powdery_mildew,wheat_powdery_mildew
dataset/train/wheat/powdery_mildew/wheat_powdery_mildew_train_0065.jpg,train,wheat,powdery_mildew,wheat_powdery_mildew
dataset/train/wheat/powdery_mildew/wheat_powdery_mildew_train_0066.jpg,train,wheat,powdery_mildew,wheat_powdery_mildew
dataset/train/wheat/powdery_mildew/wheat_powdery_mildew_train_0067.jpg,train,wheat,powdery_mildew,wheat_powdery_mildew
dataset/train/wheat/powdery_mildew/wheat_powdery_mildew_train_0068.jpg,train,wheat,powdery_mildew,wheat_powdery_mildew
dataset/train/wheat/powdery_mildew/wheat_powdery_mildew_train_0069.jpg,train,wheat,powdery_mildew,wheat_powdery_mildew
dataset/train/wheat/powdery_mildew/wheat_powdery_mildew_train_0070.jpg,train,wheat,powdery_mildew,wheat_powdery_mildew
dataset/train/wheat/powdery_mildew/wheat_powdery_mildew_train_0071.jpg,train,wheat,powdery_mildew,wheat_powdery_mildew
dataset/train/wheat/powdery_mildew/wheat_powdery_mildew_train_0072.jpg,train,wheat,powdery_mildew,wheat_powdery_mildew
dataset/train/wheat/powdery_mildew/wheat_powdery_mildew_train_0073.jpg,train,wheat,powdery_mildew,wheat_powdery_mildew
dataset/train/wheat/powdery_mildew/wheat_powdery_mildew_train_0074.jpg,train,wheat,powdery_mildew,wheat_powdery_mildew
dataset/train/wheat/powdery_mildew/wheat_powdery_mildew_train_0075.jpg,train,wheat,powdery_mildew,wheat_powdery_mildew
dataset/train/wheat/powdery_mildew/wheat_powdery_mildew_train_0076.jpg,train,wheat,powdery_mildew,wheat_powdery_mildew
dataset/train/wheat/powdery_mildew/wheat_powdery_mildew_train_0077.jpg,train,wheat,powdery_mildew,wheat_powdery_mildew
dataset/train/wheat/powdery_mildew/wheat_powdery_mildew_train_0078.jpg,train,wheat,powdery_mildew,wheat_powdery_mildew
dataset/train/wheat/powdery_mildew/wheat_powdery_mildew_train_0079.jpg,train,wheat,powdery_mildew,wheat_powdery_mildew
dataset/train/wheat/powdery_mildew/wheat_powdery_mildew_train_0080.jpg,train,wheat,powdery_mildew,wheat_powdery_mildew
dataset/train/wheat/powdery_mildew/wheat_powdery_mildew_train_0081.jpg,train,wheat,powdery_mildew,wheat_powdery_mildew
dataset/train/wheat/powdery_mildew/wheat_powdery_mildew_train_0082.jpg,train,wheat,powdery_mildew,wheat_powdery_mildew
dataset/train/wheat/powdery_mildew/wheat_powdery_mildew_train_0083.jpg,train,wheat,powdery_mildew,wheat_powdery_mildew
dataset/train/wheat/powdery_mildew/wheat_powdery_mildew_train_0084.jpg,train,wheat,powdery_mildew,wheat_powdery_mildew
dataset/train/wheat/powdery_mildew/wheat_powdery_mildew_train_0085.jpg,train,wheat,powdery_mildew,wheat_powdery_mildew
dataset/train/wheat/powdery_mildew/wheat_powdery_mildew_train_0086.jpg,train,wheat,powdery_mildew,wheat_powdery_mildew
dataset/train/wheat/powdery_mildew/wheat_powdery_mildew_train_0087.jpg,train,wheat,powdery_mildew,wheat_powdery_mildew
dataset/train/wheat/powdery_mildew/wheat_powdery_mildew_train_0088.jpg,train,wheat,powdery_mildew,wheat_powdery_mildew
dataset/train/wheat/powdery_mildew/wheat_powdery_mildew_train_0089.jpg,train,wheat,powdery_mildew,wheat_powdery_mildew
dataset/train/wheat/powdery_mildew/wheat_powdery_mildew_train_0090.jpg,train,wheat,powdery_mildew,wheat_powdery_mildew
dataset/train/wheat/powdery_mildew/wheat_powdery_mildew_train_0091.jpg,train,wheat,powdery_mildew,wheat_powdery_mildew
dataset/train/wheat/powdery_mildew/wheat_powdery_mildew_train_0092.jpg,train,wheat,powdery_mildew,wheat_powdery_mildew
dataset/train/wheat/powdery_mildew/wheat_powdery_mildew_train_0093.jpg,train,wheat,powdery_mildew,wheat_powdery_mildew
dataset/train/wheat/powdery_mildew/wheat_powdery_mildew_train_0094.jpg,train,wheat,powdery_mildew,wheat_powdery_mildew
dataset/train/wheat/powdery_mildew/wheat_powdery_mildew_train_0095.jpg,train,wheat,powdery_mildew,wheat_powdery_mildew
dataset/train/wheat/powdery_mildew/wheat_powdery_mildew_train_0096.jpg,train,wheat,powdery_mildew,wheat_powdery_mildew
dataset/train/wheat/powdery_mildew/wheat_powdery_mildew_train_0097.jpg,train,wheat,powdery_mildew,wheat_powdery_mildew
dataset/train/wheat/powdery_mildew/wheat_powdery_mildew_train_0098.jpg,train,wheat,powdery_mildew,wheat_powdery_mildew
dataset/train/wheat/powdery_mildew/wheat_powdery_mildew_train_0099.jpg,train,wheat,powdery_mildew,wheat_powdery_mildew
dataset/train/wheat/powdery_mildew/wheat_powdery_mildew_train_0100.jpg,train,wheat,powdery_mildew,wheat_powdery_mildew
dataset/train/wheat/powdery_mildew/wheat_powdery_mildew_train_0101.jpg,train,wheat,powdery_mildew,wheat_powdery_mildew
dataset/train/wheat/powdery_mildew/wheat_powdery_mildew_train_0102.jpg,train,wheat,powdery_mildew,wheat_powdery_mildew
dataset/train/wheat/powdery_mildew/wheat_powdery_mildew_train_0103.jpg,train,wheat,powdery_mildew,wheat_powdery_mildew
dataset/train/wheat/powdery_mildew/wheat_powdery_mildew_train_0104.jpg,train,wheat,powdery_mildew,wheat_powdery_mildew
dataset/train/wheat/powdery_mildew/wheat_powdery_mildew_train_0105.jpg,train,wheat,powdery_mildew,wheat_powdery_mildew
dataset/val/wheat/powdery_mildew/wheat_powdery_mildew_val_0001.jpg,val,wheat,powdery_mildew,wheat_powdery_mildew
dataset/val/wheat/powdery_mildew/wheat_powdery_mildew_val_0002.jpg,val,wheat,powdery_mildew,wheat_powdery_mildew
dataset/val/wheat/powdery_mildew/wheat_powdery_mildew_val_0003.jpg,val,wheat,powdery_mildew,wheat_powdery_mildew
dataset/val/wheat/powdery_mildew/wheat_powdery_mildew_val_0004.jpg,val,wheat,powdery_mildew,wheat_powdery_mildew
dataset/val/wheat/powdery_mildew/wheat_powdery_mildew_val_0005.jpg,val,wheat,powdery_mildew,wheat_powdery_mildew
dataset/val/wheat/powdery_mildew/wheat_powdery_mildew_val_0006.jpg,val,wheat,powdery_mildew,wheat_powdery_mildew
dataset/val/wheat/powdery_mildew/wheat_powdery_mildew_val_0007.jpg,val,wheat,powdery_mildew,wheat_powdery_mildew
dataset/val/wheat/powdery_mildew/wheat_powdery_mildew_val_0008.jpg,val,wheat,powdery_mildew,wheat_powdery_mildew
dataset/val/wheat/powdery_mildew/wheat_powdery_mildew_val_0009.jpg,val,wheat,powdery_mildew,wheat_powdery_mildew
dataset/val/wheat/powdery_mildew/wheat_powdery_mildew_val_0010.jpg,val,wheat,powdery_mildew,wheat_powdery_mildew
dataset/val/wheat/powdery_mildew/wheat_powdery_mildew_val_0011.jpg,val,wheat,powdery_mildew,wheat_powdery_mildew
dataset/val/wheat/powdery_mildew/wheat_powdery_mildew_val_0012.jpg,val,wheat,powdery_mildew,wheat_powdery_mildew
dataset/val/wheat/powdery_mildew/wheat_powdery_mildew_val_0013.jpg,val,wheat,powdery_mildew,wheat_powdery_mildew
dataset/val/wheat/powdery_mildew/wheat_powdery_mildew_val_0014.jpg,val,wheat,powdery_mildew,wheat_powdery_mildew
dataset/val/wheat/powdery_mildew/wheat_powdery_mildew_val_0015.jpg,val,wheat,powdery_mildew,wheat_powdery_mildew
dataset/val/wheat/powdery_mildew/wheat_powdery_mildew_val_0016.jpg,val,wheat,powdery_mildew,wheat_powdery_mildew
dataset/val/wheat/powdery_mildew/wheat_powdery_mildew_val_0017.jpg,val,wheat,powdery_mildew,wheat_powdery_mildew
dataset/val/wheat/powdery_mildew/wheat_powdery_mildew_val_0018.jpg,val,wheat,powdery_mildew,wheat_powdery_mildew
dataset/val/wheat/powdery_mildew/wheat_powdery_mildew_val_0019.jpg,val,wheat,powdery_mildew,wheat_powdery_mildew
dataset/val/wheat/powdery_mildew/wheat_powdery_mildew_val_0020.jpg,val,wheat,powdery_mildew,wheat_powdery_mildew
dataset/val/wheat/powdery_mildew/wheat_powdery_mildew_val_0021.jpg,val,wheat,powdery_mildew,wheat_powdery_mildew
dataset/val/wheat/powdery_mildew/wheat_powdery_mildew_val_0022.jpg,val,wheat,powdery_mildew,wheat_powdery_mildew
dataset/test/wheat/powdery_mildew/wheat_powdery_mildew_test_0001.jpg,test,wheat,powdery_mildew,wheat_powdery_mildew
dataset/test/wheat/powdery_mildew/wheat_powdery_mildew_test_0002.jpg,test,wheat,powdery_mildew,wheat_powdery_mildew
dataset/test/wheat/powdery_mildew/wheat_powdery_mildew_test_0003.jpg,test,wheat,powdery_mildew,wheat_powdery_mildew
dataset/test/wheat/powdery_mildew/wheat_powdery_mildew_test_0004.jpg,test,wheat,powdery_mildew,wheat_powdery_mildew
dataset/test/wheat/powdery_mildew/wheat_powdery_mildew_test_0005.jpg,test,wheat,powdery_mildew,wheat_powdery_mildew
dataset/test/wheat/powdery_mildew/wheat_powdery_mildew_test_0006.jpg,test,wheat,powdery_mildew,wheat_powdery_mildew
dataset/test/wheat/powdery_mildew/wheat_powdery_mildew_test_0007.jpg,test,wheat,powdery_mildew,wheat_powdery_mildew
dataset/test/wheat/powdery_mildew/wheat_powdery_mildew_test_0008.jpg,test,wheat,powdery_mildew,wheat_powdery_mildew
dataset/test/wheat/powdery_mildew/wheat_powdery_mildew_test_0009.jpg,test,wheat,powdery_mildew,wheat_powdery_mildew
dataset/test/wheat/powdery_mildew/wheat_powdery_mildew_test_0010.jpg,test,wheat,powdery_mildew,wheat_powdery_mildew
dataset/test/wheat/powdery_mildew/wheat_powdery_mildew_test_0011.jpg,test,wheat,powdery_mildew,wheat_powdery_mildew
dataset/test/wheat/powdery_mildew/wheat_powdery_mildew_test_0012.jpg,test,wheat,powdery_mildew,wheat_powdery_mildew
dataset/test/wheat/powdery_mildew/wheat_powdery_mildew_test_0013.jpg,test,wheat,powdery_mildew,wheat_powdery_mildew
dataset/test/wheat/powdery_mildew/wheat_powdery_mildew_test_0014.jpg,test,wheat,powdery_mildew,wheat_powdery_mildew
dataset/test/wheat/powdery_mildew/wheat_powdery_mildew_test_0015.jpg,test,wheat,powdery_mildew,wheat_powdery_mildew
dataset/test/wheat/powdery_mildew/wheat_powdery_mildew_test_0016.jpg,test,wheat,powdery_mildew,wheat_powdery_mildew
dataset/test/wheat/powdery_mildew/wheat_powdery_mildew_test_0017.jpg,test,wheat,powdery_mildew,wheat_powdery_mildew
dataset/test/wheat/powdery_mildew/wheat_powdery_mildew_test_0018.jpg,test,wheat,powdery_mildew,wheat_powdery_mildew
dataset/test/wheat/powdery_mildew/wheat_powdery_mildew_test_0019.jpg,test,wheat,powdery_mildew,wheat_powdery_mildew
dataset/test/wheat/powdery_mildew/wheat_powdery_mildew_test_0020.jpg,test,wheat,powdery_mildew,wheat_powdery_mildew
dataset/test/wheat/powdery_mildew/wheat_powdery_mildew_test_0021.jpg,test,wheat,powdery_mildew,wheat_powdery_mildew
dataset/test/wheat/powdery_mildew/wheat_powdery_mildew_test_0022.jpg,test,wheat,powdery_mildew,wheat_powdery_mildew
dataset/test/wheat/powdery_mildew/wheat_powdery_mildew_test_0023.jpg,test,wheat,powdery_mildew,wheat_powdery_mildew
dataset/train/wheat/healthy/wheat_healthy_train_0001.jpg,train,wheat,healthy,wheat_healthy
dataset/train/wheat/healthy/wheat_healthy_train_0002.jpg,train,wheat,healthy,wheat_healthy
dataset/train/wheat/healthy/wheat_healthy_train_0003.jpg,train,wheat,healthy,wheat_healthy
dataset/train/wheat/healthy/wheat_healthy_train_0004.jpg,train,wheat,healthy,wheat_healthy
dataset/train/wheat/healthy/wheat_healthy_train_0005.jpg,train,wheat,healthy,wheat_healthy
dataset/train/wheat/healthy/wheat_healthy_train_0006.jpg,train,wheat,healthy,wheat_healthy
dataset/train/wheat/healthy/wheat_healthy_train_0007.jpg,train,wheat,healthy,wheat_healthy
dataset/train/wheat/healthy/wheat_healthy_train_0008.jpg,train,wheat,healthy,wheat_healthy
dataset/train/wheat/healthy/wheat_healthy_train_0009.jpg,train,wheat,healthy,wheat_healthy
dataset/train/wheat/healthy/wheat_healthy_train_0010.jpg,train,wheat,healthy,wheat_healthy
dataset/train/wheat/healthy/wheat_healthy_train_0011.jpg,train,wheat,healthy,wheat_healthy
dataset/train/wheat/healthy/wheat_healthy_train_0012.jpg,train,wheat,healthy,wheat_healthy
dataset/train/wheat/healthy/wheat_healthy_train_0013.jpg,train,wheat,healthy,wheat_healthy
dataset/train/wheat/healthy/wheat_healthy_train_0014.jpg,train,wheat,healthy,wheat_healthy
dataset/train/wheat/healthy/wheat_healthy_train_0015.jpg,train,wheat,healthy,wheat_healthy
dataset/train/wheat/healthy/wheat_healthy_train_0016.jpg,train,wheat,healthy,wheat_healthy
dataset/train/wheat/healthy/wheat_healthy_train_0017.jpg,train,wheat,healthy,wheat_healthy
dataset/train/wheat/healthy/wheat_healthy_train_0018.jpg,train,wheat,healthy,wheat_healthy
dataset/train/wheat/healthy/wheat_healthy_train_0019.jpg,train,wheat,healthy,wheat_healthy
dataset/train/wheat/healthy/wheat_healthy_train_0020.jpg,train,wheat,healthy,wheat_healthy
dataset/train/wheat/healthy/wheat_healthy_train_0021.jpg,train,wheat,healthy,wheat_healthy
dataset/train/wheat/healthy/wheat_healthy_train_0022.jpg,train,wheat,healthy,wheat_healthy
dataset/train/wheat/healthy/wheat_healthy_train_0023.jpg,train,wheat,healthy,wheat_healthy
dataset/train/wheat/healthy/wheat_healthy_train_0024.jpg,train,wheat,healthy,wheat_healthy
dataset/train/wheat/healthy/wheat_healthy_train_0025.jpg,train,wheat,healthy,wheat_healthy
dataset/train/wheat/healthy/wheat_healthy_train_0026.jpg,train,wheat,healthy,wheat_healthy
dataset/train/wheat/healthy/wheat_healthy_train_0027.jpg,train,wheat,healthy,wheat_healthy
dataset/train/wheat/healthy/wheat_healthy_train_0028.jpg,train,wheat,healthy,wheat_healthy
dataset/train/wheat/healthy/wheat_healthy_train_0029.jpg,train,wheat,healthy,wheat_healthy
dataset/train/wheat/healthy/wheat_healthy_train_0030.jpg,train,wheat,healthy,wheat_healthy
dataset/train/wheat/healthy/wheat_healthy_train_0031.jpg,train,wheat,healthy,wheat_healthy
dataset/train/wheat/healthy/wheat_healthy_train_0032.jpg,train,wheat,healthy,wheat_healthy
dataset/train/wheat/healthy/wheat_healthy_train_0033.jpg,train,wheat,healthy,wheat_healthy
dataset/train/wheat/healthy/wheat_healthy_train_0034.jpg,train,wheat,healthy,wheat_healthy
dataset/train/wheat/healthy/wheat_healthy_train_0035.jpg,train,wheat,healthy,wheat_healthy
dataset/train/wheat/healthy/wheat_healthy_train_0036.jpg,train,wheat,healthy,wheat_healthy
dataset/train/wheat/healthy/wheat_healthy_train_0037.jpg,train,wheat,healthy,wheat_healthy
dataset/train/wheat/healthy/wheat_healthy_train_0038.jpg,train,wheat,healthy,wheat_healthy
dataset/train/wheat/healthy/wheat_healthy_train_0039.jpg,train,wheat,healthy,wheat_healthy
dataset/train/wheat/healthy/wheat_healthy_train_0040.jpg,train,wheat,healthy,wheat_healthy
dataset/train/wheat/healthy/wheat_healthy_train_0041.jpg,train,wheat,healthy,wheat_healthy
dataset/train/wheat/healthy/wheat_healthy_train_0042.jpg,train,wheat,healthy,wheat_healthy
dataset/train/wheat/healthy/wheat_healthy_train_0043.jpg,train,wheat,healthy,wheat_healthy
dataset/train/wheat/healthy/wheat_healthy_train_0044.jpg,train,wheat,healthy,wheat_healthy
dataset/train/wheat/healthy/wheat_healthy_train_0045.jpg,train,wheat,healthy,wheat_healthy
dataset/train/wheat/healthy/wheat_healthy_train_0046.jpg,train,wheat,healthy,wheat_healthy
dataset/train/wheat/healthy/wheat_healthy_train_0047.jpg,train,wheat,healthy,wheat_healthy
dataset/train/wheat/healthy/wheat_healthy_train_0048.jpg,train,wheat,healthy,wheat_healthy
dataset/train/wheat/healthy/wheat_healthy_train_0049.jpg,train,wheat,healthy,wheat_healthy
dataset/train/wheat/healthy/wheat_healthy_train_0050.jpg,train,wheat,healthy,wheat_healthy
dataset/train/wheat/healthy/wheat_healthy_train_0051.jpg,train,wheat,healthy,wheat_healthy
dataset/train/wheat/healthy/wheat_healthy_train_0052.jpg,train,wheat,healthy,wheat_healthy
dataset/train/wheat/healthy/wheat_healthy_train_0053.jpg,train,wheat,healthy,wheat_healthy
dataset/train/wheat/healthy/wheat_healthy_train_0054.jpg,train,wheat,healthy,wheat_healthy
dataset/train/wheat/healthy/wheat_healthy_train_0055.jpg,train,wheat,healthy,wheat_healthy
dataset/train/wheat/healthy/wheat_healthy_train_0056.jpg,train,wheat,healthy,wheat_healthy
dataset/train/wheat/healthy/wheat_healthy_train_0057.jpg,train,wheat,healthy,wheat_healthy
dataset/train/wheat/healthy/wheat_healthy_train_0058.jpg,train,wheat,healthy,wheat_healthy
dataset/train/wheat/healthy/wheat_healthy_train_0059.jpg,train,wheat,healthy,wheat_healthy
dataset/train/wheat/healthy/wheat_healthy_train_0060.jpg,train,wheat,healthy,wheat_healthy
dataset/train/wheat/healthy/wheat_healthy_train_0061.jpg,train,wheat,healthy,wheat_healthy
dataset/train/wheat/healthy/wheat_healthy_train_0062.jpg,train,wheat,healthy,wheat_healthy
dataset/train/wheat/healthy/wheat_healthy_train_0063.jpg,train,wheat,healthy,wheat_healthy
dataset/train/wheat/healthy/wheat_healthy_train_0064.jpg,train,wheat,healthy,wheat_healthy
dataset/train/wheat/healthy/wheat_healthy_train_0065.jpg,train,wheat,healthy,wheat_healthy
dataset/train/wheat/healthy/wheat_healthy_train_0066.jpg,train,wheat,healthy,wheat_healthy
dataset/train/wheat/healthy/wheat_healthy_train_0067.jpg,train,wheat,healthy,wheat_healthy
dataset/train/wheat/healthy/wheat_healthy_train_0068.jpg,train,wheat,healthy,wheat_healthy
dataset/train/wheat/healthy/wheat_healthy_train_0069.jpg,train,wheat,healthy,wheat_healthy
dataset/train/wheat/healthy/wheat_healthy_train_0070.jpg,train,wheat,healthy,wheat_healthy
dataset/train/wheat/healthy/wheat_healthy_train_0071.jpg,train,wheat,healthy,wheat_healthy
dataset/train/wheat/healthy/wheat_healthy_train_0072.jpg,train,wheat,healthy,wheat_healthy
dataset/train/wheat/healthy/wheat_healthy_train_0073.jpg,train,wheat,healthy,wheat_healthy
dataset/train/wheat/healthy/wheat_healthy_train_0074.jpg,train,wheat,healthy,wheat_healthy
dataset/train/wheat/healthy/wheat_healthy_train_0075.jpg,train,wheat,healthy,wheat_healthy
dataset/train/wheat/healthy/wheat_healthy_train_0076.jpg,train,wheat,healthy,wheat_healthy
dataset/train/wheat/healthy/wheat_healthy_train_0077.jpg,train,wheat,healthy,wheat_healthy
dataset/train/wheat/healthy/wheat_healthy_train_0078.jpg,train,wheat,healthy,wheat_healthy
dataset/train/wheat/healthy/wheat_healthy_train_0079.jpg,train,wheat,healthy,wheat_healthy
dataset/train/wheat/healthy/wheat_healthy_train_0080.jpg,train,wheat,healthy,wheat_healthy
dataset/train/wheat/healthy/wheat_healthy_train_0081.jpg,train,wheat,healthy,wheat_healthy
dataset/train/wheat/healthy/wheat_healthy_train_0082.jpg,train,wheat,healthy,wheat_healthy
dataset/train/wheat/healthy/wheat_healthy_train_0083.jpg,train,wheat,healthy,wheat_healthy
dataset/train/wheat/healthy/wheat_healthy_train_0084.jpg,train,wheat,healthy,wheat_healthy
dataset/train/wheat/healthy/wheat_healthy_train_0085.jpg,train,wheat,healthy,wheat_healthy
dataset/train/wheat/healthy/wheat_healthy_train_0086.jpg,train,wheat,healthy,wheat_healthy
dataset/train/wheat/healthy/wheat_healthy_train_0087.jpg,train,wheat,healthy,wheat_healthy
dataset/train/wheat/healthy/wheat_healthy_train_0088.jpg,train,wheat,healthy,wheat_healthy
dataset/train/wheat/healthy/wheat_healthy_train_0089.jpg,train,wheat,healthy,wheat_healthy
dataset/train/wheat/healthy/wheat_healthy_train_0090.jpg,train,wheat,healthy,wheat_healthy
dataset/train/wheat/healthy/wheat_healthy_train_0091.jpg,train,wheat,healthy,wheat_healthy
dataset/train/wheat/healthy/wheat_healthy_train_0092.jpg,train,wheat,healthy,wheat_healthy
dataset/train/wheat/healthy/wheat_healthy_train_0093.jpg,train,wheat,healthy,wheat_healthy
dataset/train/wheat/healthy/wheat_healthy_train_0094.jpg,train,wheat,healthy,wheat_healthy
dataset/train/wheat/healthy/wheat_healthy_train_0095.jpg,train,wheat,healthy,wheat_healthy
dataset/train/wheat/healthy/wheat_healthy_train_0096.jpg,train,wheat,healthy,wheat_healthy
dataset/train/wheat/healthy/wheat_healthy_train_0097.jpg,train,wheat,healthy,wheat_healthy
dataset/train/wheat/healthy/wheat_healthy_train_0098.jpg,train,wheat,healthy,wheat_healthy
dataset/train/wheat/healthy/wheat_healthy_train_0099.jpg,train,wheat,healthy,wheat_healthy
dataset/train/wheat/healthy/wheat_healthy_train_0100.jpg,train,wheat,healthy,wheat_healthy
dataset/train/wheat/healthy/wheat_healthy_train_0101.jpg,train,wheat,healthy,wheat_healthy
dataset/train/wheat/healthy/wheat_healthy_train_0102.jpg,train,wheat,healthy,wheat_healthy
dataset/train/wheat/healthy/wheat_healthy_train_0103.jpg,train,wheat,healthy,wheat_healthy
dataset/train/wheat/healthy/wheat_healthy_train_0104.jpg,train,wheat,healthy,wheat_healthy
dataset/train/wheat/healthy/wheat_healthy_train_0105.jpg,train,wheat,healthy,wheat_healthy
dataset/val/wheat/healthy/wheat_healthy_val_0001.jpg,val,wheat,healthy,wheat_healthy
dataset/val/wheat/healthy/wheat_healthy_val_0002.jpg,val,wheat,healthy,wheat_healthy
dataset/val/wheat/healthy/wheat_healthy_val_0003.jpg,val,wheat,healthy,wheat_healthy
dataset/val/wheat/healthy/wheat_healthy_val_0004.jpg,val,wheat,healthy,wheat_healthy
dataset/val/wheat/healthy/wheat_healthy_val_0005.jpg,val,wheat,healthy,wheat_healthy
dataset/val/wheat/healthy/wheat_healthy_val_0006.jpg,val,wheat,healthy,wheat_healthy
dataset/val/wheat/healthy/wheat_healthy_val_0007.jpg,val,wheat,healthy,wheat_healthy
dataset/val/wheat/healthy/wheat_healthy_val_0008.jpg,val,wheat,healthy,wheat_healthy
dataset/val/wheat/healthy/wheat_healthy_val_0009.jpg,val,wheat,healthy,wheat_healthy
dataset/val/wheat/healthy/wheat_healthy_val_0010.jpg,val,wheat,healthy,wheat_healthy
dataset/val/wheat/healthy/wheat_healthy_val_0011.jpg,val,wheat,healthy,wheat_healthy
dataset/val/wheat/healthy/wheat_healthy_val_0012.jpg,val,wheat,healthy,wheat_healthy
dataset/val/wheat/healthy/wheat_healthy_val_0013.jpg,val,wheat,healthy,wheat_healthy
dataset/val/wheat/healthy/wheat_healthy_val_0014.jpg,val,wheat,healthy,wheat_healthy
dataset/val/wheat/healthy/wheat_healthy_val_0015.jpg,val,wheat,healthy,wheat_healthy
dataset/val/wheat/healthy/wheat_healthy_val_0016.jpg,val,wheat,healthy,wheat_healthy
dataset/val/wheat/healthy/wheat_healthy_val_0017.jpg,val,wheat,healthy,wheat_healthy
dataset/val/wheat/healthy/wheat_healthy_val_0018.jpg,val,wheat,healthy,wheat_healthy
dataset/val/wheat/healthy/wheat_healthy_val_0019.jpg,val,wheat,healthy,wheat_healthy
dataset/val/wheat/healthy/wheat_healthy_val_0020.jpg,val,wheat,healthy,wheat_healthy
dataset/val/wheat/healthy/wheat_healthy_val_0021.jpg,val,wheat,healthy,wheat_healthy
dataset/val/wheat/healthy/wheat_healthy_val_0022.jpg,val,wheat,healthy,wheat_healthy
dataset/test/wheat/healthy/wheat_healthy_test_0001.jpg,test,wheat,healthy,wheat_healthy
dataset/test/wheat/healthy/wheat_healthy_test_0002.jpg,test,wheat,healthy,wheat_healthy
dataset/test/wheat/healthy/wheat_healthy_test_0003.jpg,test,wheat,healthy,wheat_healthy
dataset/test/wheat/healthy/wheat_healthy_test_0004.jpg,test,wheat,healthy,wheat_healthy
dataset/test/wheat/healthy/wheat_healthy_test_0005.jpg,test,wheat,healthy,wheat_healthy
dataset/test/wheat/healthy/wheat_healthy_test_0006.jpg,test,wheat,healthy,wheat_healthy
dataset/test/wheat/healthy/wheat_healthy_test_0007.jpg,test,wheat,healthy,wheat_healthy
dataset/test/wheat/healthy/wheat_healthy_test_0008.jpg,test,wheat,healthy,wheat_healthy
dataset/test/wheat/healthy/wheat_healthy_test_0009.jpg,test,wheat,healthy,wheat_healthy
dataset/test/wheat/healthy/wheat_healthy_test_0010.jpg,test,wheat,healthy,wheat_healthy
dataset/test/wheat/healthy/wheat_healthy_test_0011.jpg,test,wheat,healthy,wheat_healthy
dataset/test/wheat/healthy/wheat_healthy_test_0012.jpg,test,wheat,healthy,wheat_healthy
dataset/test/wheat/healthy/wheat_healthy_test_0013.jpg,test,wheat,healthy,wheat_healthy
dataset/test/wheat/healthy/wheat_healthy_test_0014.jpg,test,wheat,healthy,wheat_healthy
dataset/test/wheat/healthy/wheat_healthy_test_0015.jpg,test,wheat,healthy,wheat_healthy
dataset/test/wheat/healthy/wheat_healthy_test_0016.jpg,test,wheat,healthy,wheat_healthy
dataset/test/wheat/healthy/wheat_healthy_test_0017.jpg,test,wheat,healthy,wheat_healthy
dataset/test/wheat/healthy/wheat_healthy_test_0018.jpg,test,wheat,healthy,wheat_healthy
dataset/test/wheat/healthy/wheat_healthy_test_0019.jpg,test,wheat,healthy,wheat_healthy
dataset/test/wheat/healthy/wheat_healthy_test_0020.jpg,test,wheat,healthy,wheat_healthy
dataset/test/wheat/healthy/wheat_healthy_test_0021.jpg,test,wheat,healthy,wheat_healthy
dataset/test/wheat/healthy/wheat_healthy_test_0022.jpg,test,wheat,healthy,wheat_healthy
dataset/test/wheat/healthy/wheat_healthy_test_0023.jpg,test,wheat,healthy,wheat_healthy
dataset/train/cotton/aphids/cotton_aphids_train_0001.jpg,train,cotton,aphids,cotton_aphids
dataset/train/cotton/aphids/cotton_aphids_train_0002.jpg,train,cotton,aphids,cotton_aphids
dataset/train/cotton/aphids/cotton_aphids_train_0003.jpg,train,cotton,aphids,cotton_aphids
dataset/train/cotton/aphids/cotton_aphids_train_0004.jpg,train,cotton,aphids,cotton_aphids
dataset/train/cotton/aphids/cotton_aphids_train_0005.jpg,train,cotton,aphids,cotton_aphids
dataset/train/cotton/aphids/cotton_aphids_train_0006.jpg,train,cotton,aphids,cotton_aphids
dataset/train/cotton/aphids/cotton_aphids_train_0007.jpg,train,cotton,aphids,cotton_aphids
dataset/train/cotton/aphids/cotton_aphids_train_0008.jpg,train,cotton,aphids,cotton_aphids
dataset/train/cotton/aphids/cotton_aphids_train_0009.jpg,train,cotton,aphids,cotton_aphids
dataset/train/cotton/aphids/cotton_aphids_train_0010.jpg,train,cotton,aphids,cotton_aphids
dataset/train/cotton/aphids/cotton_aphids_train_0011.jpg,train,cotton,aphids,cotton_aphids
dataset/train/cotton/aphids/cotton_aphids_train_0012.jpg,train,cotton,aphids,cotton_aphids
dataset/train/cotton/aphids/cotton_aphids_train_0013.jpg,train,cotton,aphids,cotton_aphids
dataset/train/cotton/aphids/cotton_aphids_train_0014.jpg,train,cotton,aphids,cotton_aphids
dataset/train/cotton/aphids/cotton_aphids_train_0015.jpg,train,cotton,aphids,cotton_aphids
dataset/train/cotton/aphids/cotton_aphids_train_0016.jpg,train,cotton,aphids,cotton_aphids
dataset/train/cotton/aphids/cotton_aphids_train_0017.jpg,train,cotton,aphids,cotton_aphids
dataset/train/cotton/aphids/cotton_aphids_train_0018.jpg,train,cotton,aphids,cotton_aphids
dataset/train/cotton/aphids/cotton_aphids_train_0019.jpg,train,cotton,aphids,cotton_aphids
dataset/train/cotton/aphids/cotton_aphids_train_0020.jpg,train,cotton,aphids,cotton_aphids
dataset/train/cotton/aphids/cotton_aphids_train_0021.jpg,train,cotton,aphids,cotton_aphids
dataset/train/cotton/aphids/cotton_aphids_train_0022.jpg,train,cotton,aphids,cotton_aphids
dataset/train/cotton/aphids/cotton_aphids_train_0023.jpg,train,cotton,aphids,cotton_aphids
dataset/train/cotton/aphids/cotton_aphids_train_0024.jpg,train,cotton,aphids,cotton_aphids
dataset/train/cotton/aphids/cotton_aphids_train_0025.jpg,train,cotton,aphids,cotton_aphids
dataset/train/cotton/aphids/cotton_aphids_train_0026.jpg,train,cotton,aphids,cotton_aphids
dataset/train/cotton/aphids/cotton_aphids_train_0027.jpg,train,cotton,aphids,cotton_aphids
dataset/train/cotton/aphids/cotton_aphids_train_0028.jpg,train,cotton,aphids,cotton_aphids
dataset/train/cotton/aphids/cotton_aphids_train_0029.jpg,train,cotton,aphids,cotton_aphids
dataset/train/cotton/aphids/cotton_aphids_train_0030.jpg,train,cotton,aphids,cotton_aphids
dataset/train/cotton/aphids/cotton_aphids_train_0031.jpg,train,cotton,aphids,cotton_aphids
dataset/train/cotton/aphids/cotton_aphids_train_0032.jpg,train,cotton,aphids,cotton_aphids
dataset/train/cotton/aphids/cotton_aphids_train_0033.jpg,train,cotton,aphids,cotton_aphids
dataset/train/cotton/aphids/cotton_aphids_train_0034.jpg,train,cotton,aphids,cotton_aphids
dataset/train/cotton/aphids/cotton_aphids_train_0035.jpg,train,cotton,aphids,cotton_aphids
dataset/train/cotton/aphids/cotton_aphids_train_0036.jpg,train,cotton,aphids,cotton_aphids
dataset/train/cotton/aphids/cotton_aphids_train_0037.jpg,train,cotton,aphids,cotton_aphids
dataset/train/cotton/aphids/cotton_aphids_train_0038.jpg,train,cotton,aphids,cotton_aphids
dataset/train/cotton/aphids/cotton_aphids_train_0039.jpg,train,cotton,aphids,cotton_aphids
dataset/train/cotton/aphids/cotton_aphids_train_0040.jpg,train,cotton,aphids,cotton_aphids
dataset/train/cotton/aphids/cotton_aphids_train_0041.jpg,train,cotton,aphids,cotton_aphids
dataset/train/cotton/aphids/cotton_aphids_train_0042.jpg,train,cotton,aphids,cotton_aphids
dataset/train/cotton/aphids/cotton_aphids_train_0043.jpg,train,cotton,aphids,cotton_aphids
dataset/train/cotton/aphids/cotton_aphids_train_0044.jpg,train,cotton,aphids,cotton_aphids
dataset/train/cotton/aphids/cotton_aphids_train_0045.jpg,train,cotton,aphids,cotton_aphids
dataset/train/cotton/aphids/cotton_aphids_train_0046.jpg,train,cotton,aphids,cotton_aphids
dataset/train/cotton/aphids/cotton_aphids_train_0047.jpg,train,cotton,aphids,cotton_aphids
dataset/train/cotton/aphids/cotton_aphids_train_0048.jpg,train,cotton,aphids,cotton_aphids
dataset/train/cotton/aphids/cotton_aphids_train_0049.jpg,train,cotton,aphids,cotton_aphids
dataset/train/cotton/aphids/cotton_aphids_train_0050.jpg,train,cotton,aphids,cotton_aphids
dataset/train/cotton/aphids/cotton_aphids_train_0051.jpg,train,cotton,aphids,cotton_aphids
dataset/train/cotton/aphids/cotton_aphids_train_0052.jpg,train,cotton,aphids,cotton_aphids
dataset/train/cotton/aphids/cotton_aphids_train_0053.jpg,train,cotton,aphids,cotton_aphids
dataset/train/cotton/aphids/cotton_aphids_train_0054.jpg,train,cotton,aphids,cotton_aphids
dataset/train/cotton/aphids/cotton_aphids_train_0055.jpg,train,cotton,aphids,cotton_aphids
dataset/train/cotton/aphids/cotton_aphids_train_0056.jpg,train,cotton,aphids,cotton_aphids
dataset/train/cotton/aphids/cotton_aphids_train_0057.jpg,train,cotton,aphids,cotton_aphids
dataset/train/cotton/aphids/cotton_aphids_train_0058.jpg,train,cotton,aphids,cotton_aphids
dataset/train/cotton/aphids/cotton_aphids_train_0059.jpg,train,cotton,aphids,cotton_aphids
dataset/train/cotton/aphids/cotton_aphids_train_0060.jpg,train,cotton,aphids,cotton_aphids
dataset/train/cotton/aphids/cotton_aphids_train_0061.jpg,train,cotton,aphids,cotton_aphids
dataset/train/cotton/aphids/cotton_aphids_train_0062.jpg,train,cotton,aphids,cotton_aphids
dataset/train/cotton/aphids/cotton_aphids_train_0063.jpg,train,cotton,aphids,cotton_aphids
dataset/train/cotton/aphids/cotton_aphids_train_0064.jpg,train,cotton,aphids,cotton_aphids
dataset/train/cotton/aphids/cotton_aphids_train_0065.jpg,train,cotton,aphids,cotton_aphids
dataset/train/cotton/aphids/cotton_aphids_train_0066.jpg,train,cotton,aphids,cotton_aphids
dataset/train/cotton/aphids/cotton_aphids_train_0067.jpg,train,cotton,aphids,cotton_aphids
dataset/train/cotton/aphids/cotton_aphids_train_0068.jpg,train,cotton,aphids,cotton_aphids
dataset/train/cotton/aphids/cotton_aphids_train_0069.jpg,train,cotton,aphids,cotton_aphids
dataset/train/cotton/aphids/cotton_aphids_train_0070.jpg,train,cotton,aphids,cotton_aphids
dataset/train/cotton/aphids/cotton_aphids_train_0071.jpg,train,cotton,aphids,cotton_aphids
dataset/train/cotton/aphids/cotton_aphids_train_0072.jpg,train,cotton,aphids,cotton_aphids
dataset/train/cotton/aphids/cotton_aphids_train_0073.jpg,train,cotton,aphids,cotton_aphids
dataset/train/cotton/aphids/cotton_aphids_train_0074.jpg,train,cotton,aphids,cotton_aphids
dataset/train/cotton/aphids/cotton_aphids_train_0075.jpg,train,cotton,aphids,cotton_aphids
dataset/train/cotton/aphids/cotton_aphids_train_0076.jpg,train,cotton,aphids,cotton_aphids
dataset/train/cotton/aphids/cotton_aphids_train_0077.jpg,train,cotton,aphids,cotton_aphids
dataset/train/cotton/aphids/cotton_aphids_train_0078.jpg,train,cotton,aphids,cotton_aphids
dataset/train/cotton/aphids/cotton_aphids_train_0079.jpg,train,cotton,aphids,cotton_aphids
dataset/train/cotton/aphids/cotton_aphids_train_0080.jpg,train,cotton,aphids,cotton_aphids
dataset/train/cotton/aphids/cotton_aphids_train_0081.jpg,train,cotton,aphids,cotton_aphids
dataset/train/cotton/aphids/cotton_aphids_train_0082.jpg,train,cotton,aphids,cotton_aphids
dataset/train/cotton/aphids/cotton_aphids_train_0083.jpg,train,cotton,aphids,cotton_aphids
dataset/train/cotton/aphids/cotton_aphids_train_0084.jpg,train,cotton,aphids,cotton_aphids
dataset/train/cotton/aphids/cotton_aphids_train_0085.jpg,train,cotton,aphids,cotton_aphids
dataset/train/cotton/aphids/cotton_aphids_train_0086.jpg,train,cotton,aphids,cotton_aphids
dataset/train/cotton/aphids/cotton_aphids_train_0087.jpg,train,cotton,aphids,cotton_aphids
dataset/train/cotton/aphids/cotton_aphids_train_0088.jpg,train,cotton,aphids,cotton_aphids
dataset/train/cotton/aphids/cotton_aphids_train_0089.jpg,train,cotton,aphids,cotton_aphids
dataset/train/cotton/aphids/cotton_aphids_train_0090.jpg,train,cotton,aphids,cotton_aphids
dataset/train/cotton/aphids/cotton_aphids_train_0091.jpg,train,cotton,aphids,cotton_aphids
dataset/train/cotton/aphids/cotton_aphids_train_0092.jpg,train,cotton,aphids,cotton_aphids
dataset/train/cotton/aphids/cotton_aphids_train_0093.jpg,train,cotton,aphids,cotton_aphids
dataset/train/cotton/aphids/cotton_aphids_train_0094.jpg,train,cotton,aphids,cotton_aphids
dataset/train/cotton/aphids/cotton_aphids_train_0095.jpg,train,cotton,aphids,cotton_aphids
dataset/train/cotton/aphids/cotton_aphids_train_0096.jpg,train,cotton,aphids,cotton_aphids
dataset/train/cotton/aphids/cotton_aphids_train_0097.jpg,train,cotton,aphids,cotton_aphids
dataset/train/cotton/aphids/cotton_aphids_train_0098.jpg,train,cotton,aphids,cotton_aphids
dataset/train/cotton/aphids/cotton_aphids_train_0099.jpg,train,cotton,aphids,cotton_aphids
dataset/train/cotton/aphids/cotton_aphids_train_0100.jpg,train,cotton,aphids,cotton_aphids
dataset/train/cotton/aphids/cotton_aphids_train_0101.jpg,train,cotton,aphids,cotton_aphids
dataset/train/cotton/aphids/cotton_aphids_train_0102.jpg,train,cotton,aphids,cotton_aphids
dataset/train/cotton/aphids/cotton_aphids_train_0103.jpg,train,cotton,aphids,cotton_aphids
dataset/train/cotton/aphids/cotton_aphids_train_0104.jpg,train,cotton,aphids,cotton_aphids
dataset/train/cotton/aphids/cotton_aphids_train_0105.jpg,train,cotton,aphids,cotton_aphids
dataset/val/cotton/aphids/cotton_aphids_val_0001.jpg,val,cotton,aphids,cotton_aphids
dataset/val/cotton/aphids/cotton_aphids_val_0002.jpg,val,cotton,aphids,cotton_aphids
dataset/val/cotton/aphids/cotton_aphids_val_0003.jpg,val,cotton,aphids,cotton_aphids
dataset/val/cotton/aphids/cotton_aphids_val_0004.jpg,val,cotton,aphids,cotton_aphids
dataset/val/cotton/aphids/cotton_aphids_val_0005.jpg,val,cotton,aphids,cotton_aphids
dataset/val/cotton/aphids/cotton_aphids_val_0006.jpg,val,cotton,aphids,cotton_aphids
dataset/val/cotton/aphids/cotton_aphids_val_0007.jpg,val,cotton,aphids,cotton_aphids
dataset/val/cotton/aphids/cotton_aphids_val_0008.jpg,val,cotton,aphids,cotton_aphids
dataset/val/cotton/aphids/cotton_aphids_val_0009.jpg,val,cotton,aphids,cotton_aphids
dataset/val/cotton/aphids/cotton_aphids_val_0010.jpg,val,cotton,aphids,cotton_aphids
dataset/val/cotton/aphids/cotton_aphids_val_0011.jpg,val,cotton,aphids,cotton_aphids
dataset/val/cotton/aphids/cotton_aphids_val_0012.jpg,val,cotton,aphids,cotton_aphids
dataset/val/cotton/aphids/cotton_aphids_val_0013.jpg,val,cotton,aphids,cotton_aphids
dataset/val/cotton/aphids/cotton_aphids_val_0014.jpg,val,cotton,aphids,cotton_aphids
dataset/val/cotton/aphids/cotton_aphids_val_0015.jpg,val,cotton,aphids,cotton_aphids
dataset/val/cotton/aphids/cotton_aphids_val_0016.jpg,val,cotton,aphids,cotton_aphids
dataset/val/cotton/aphids/cotton_aphids_val_0017.jpg,val,cotton,aphids,cotton_aphids
dataset/val/cotton/aphids/cotton_aphids_val_0018.jpg,val,cotton,aphids,cotton_aphids
dataset/val/cotton/aphids/cotton_aphids_val_0019.jpg,val,cotton,aphids,cotton_aphids
dataset/val/cotton/aphids/cotton_aphids_val_0020.jpg,val,cotton,aphids,cotton_aphids
dataset/val/cotton/aphids/cotton_aphids_val_0021.jpg,val,cotton,aphids,cotton_aphids
dataset/val/cotton/aphids/cotton_aphids_val_0022.jpg,val,cotton,aphids,cotton_aphids
dataset/test/cotton/aphids/cotton_aphids_test_0001.jpg,test,cotton,aphids,cotton_aphids
dataset/test/cotton/aphids/cotton_aphids_test_0002.jpg,test,cotton,aphids,cotton_aphids
dataset/test/cotton/aphids/cotton_aphids_test_0003.jpg,test,cotton,aphids,cotton_aphids
dataset/test/cotton/aphids/cotton_aphids_test_0004.jpg,test,cotton,aphids,cotton_aphids
dataset/test/cotton/aphids/cotton_aphids_test_0005.jpg,test,cotton,aphids,cotton_aphids
dataset/test/cotton/aphids/cotton_aphids_test_0006.jpg,test,cotton,aphids,cotton_aphids
dataset/test/cotton/aphids/cotton_aphids_test_0007.jpg,test,cotton,aphids,cotton_aphids
dataset/test/cotton/aphids/cotton_aphids_test_0008.jpg,test,cotton,aphids,cotton_aphids
dataset/test/cotton/aphids/cotton_aphids_test_0009.jpg,test,cotton,aphids,cotton_aphids
dataset/test/cotton/aphids/cotton_aphids_test_0010.jpg,test,cotton,aphids,cotton_aphids
dataset/test/cotton/aphids/cotton_aphids_test_0011.jpg,test,cotton,aphids,cotton_aphids
dataset/test/cotton/aphids/cotton_aphids_test_0012.jpg,test,cotton,aphids,cotton_aphids
dataset/test/cotton/aphids/cotton_aphids_test_0013.jpg,test,cotton,aphids,cotton_aphids
dataset/test/cotton/aphids/cotton_aphids_test_0014.jpg,test,cotton,aphids,cotton_aphids
dataset/test/cotton/aphids/cotton_aphids_test_0015.jpg,test,cotton,aphids,cotton_aphids
dataset/test/cotton/aphids/cotton_aphids_test_0016.jpg,test,cotton,aphids,cotton_aphids
dataset/test/cotton/aphids/cotton_aphids_test_0017.jpg,test,cotton,aphids,cotton_aphids
dataset/test/cotton/aphids/cotton_aphids_test_0018.jpg,test,cotton,aphids,cotton_aphids
dataset/test/cotton/aphids/cotton_aphids_test_0019.jpg,test,cotton,aphids,cotton_aphids
dataset/test/cotton/aphids/cotton_aphids_test_0020.jpg,test,cotton,aphids,cotton_aphids
dataset/test/cotton/aphids/cotton_aphids_test_0021.jpg,test,cotton,aphids,cotton_aphids
dataset/test/cotton/aphids/cotton_aphids_test_0022.jpg,test,cotton,aphids,cotton_aphids
dataset/test/cotton/aphids/cotton_aphids_test_0023.jpg,test,cotton,aphids,cotton_aphids
dataset/train/cotton/whiteflies/cotton_whiteflies_train_0001.jpg,train,cotton,whiteflies,cotton_whiteflies
dataset/train/cotton/whiteflies/cotton_whiteflies_train_0002.jpg,train,cotton,whiteflies,cotton_whiteflies
dataset/train/cotton/whiteflies/cotton_whiteflies_train_0003.jpg,train,cotton,whiteflies,cotton_whiteflies
dataset/train/cotton/whiteflies/cotton_whiteflies_train_0004.jpg,train,cotton,whiteflies,cotton_whiteflies
dataset/train/cotton/whiteflies/cotton_whiteflies_train_0005.jpg,train,cotton,whiteflies,cotton_whiteflies
dataset/train/cotton/whiteflies/cotton_whiteflies_train_0006.jpg,train,cotton,whiteflies,cotton_whiteflies
dataset/train/cotton/whiteflies/cotton_whiteflies_train_0007.jpg,train,cotton,whiteflies,cotton_whiteflies
dataset/train/cotton/whiteflies/cotton_whiteflies_train_0008.jpg,train,cotton,whiteflies,cotton_whiteflies
dataset/train/cotton/whiteflies/cotton_whiteflies_train_0009.jpg,train,cotton,whiteflies,cotton_whiteflies
dataset/train/cotton/whiteflies/cotton_whiteflies_train_0010.jpg,train,cotton,whiteflies,cotton_whiteflies
dataset/train/cotton/whiteflies/cotton_whiteflies_train_0011.jpg,train,cotton,whiteflies,cotton_whiteflies
dataset/train/cotton/whiteflies/cotton_whiteflies_train_0012.jpg,train,cotton,whiteflies,cotton_whiteflies
dataset/train/cotton/whiteflies/cotton_whiteflies_train_0013.jpg,train,cotton,whiteflies,cotton_whiteflies
dataset/train/cotton/whiteflies/cotton_whiteflies_train_0014.jpg,train,cotton,whiteflies,cotton_whiteflies
dataset/train/cotton/whiteflies/cotton_whiteflies_train_0015.jpg,train,cotton,whiteflies,cotton_whiteflies
dataset/train/cotton/whiteflies/cotton_whiteflies_train_0016.jpg,train,cotton,whiteflies,cotton_whiteflies
dataset/train/cotton/whiteflies/cotton_whiteflies_train_0017.jpg,train,cotton,whiteflies,cotton_whiteflies
dataset/train/cotton/whiteflies/cotton_whiteflies_train_0018.jpg,train,cotton,whiteflies,cotton_whiteflies
dataset/train/cotton/whiteflies/cotton_whiteflies_train_0019.jpg,train,cotton,whiteflies,cotton_whiteflies
dataset/train/cotton/whiteflies/cotton_whiteflies_train_0020.jpg,train,cotton,whiteflies,cotton_whiteflies
dataset/train/cotton/whiteflies/cotton_whiteflies_train_0021.jpg,train,cotton,whiteflies,cotton_whiteflies
dataset/train/cotton/whiteflies/cotton_whiteflies_train_0022.jpg,train,cotton,whiteflies,cotton_whiteflies
dataset/train/cotton/whiteflies/cotton_whiteflies_train_0023.jpg,train,cotton,whiteflies,cotton_whiteflies
dataset/train/cotton/whiteflies/cotton_whiteflies_train_0024.jpg,train,cotton,whiteflies,cotton_whiteflies
dataset/train/cotton/whiteflies/cotton_whiteflies_train_0025.jpg,train,cotton,whiteflies,cotton_whiteflies
dataset/train/cotton/whiteflies/cotton_whiteflies_train_0026.jpg,train,cotton,whiteflies,cotton_whiteflies
dataset/train/cotton/whiteflies/cotton_whiteflies_train_0027.jpg,train,cotton,whiteflies,cotton_whiteflies
dataset/train/cotton/whiteflies/cotton_whiteflies_train_0028.jpg,train,cotton,whiteflies,cotton_whiteflies
dataset/train/cotton/whiteflies/cotton_whiteflies_train_0029.jpg,train,cotton,whiteflies,cotton_whiteflies
dataset/train/cotton/whiteflies/cotton_whiteflies_train_0030.jpg,train,cotton,whiteflies,cotton_whiteflies
dataset/train/cotton/whiteflies/cotton_whiteflies_train_0031.jpg,train,cotton,whiteflies,cotton_whiteflies
dataset/train/cotton/whiteflies/cotton_whiteflies_train_0032.jpg,train,cotton,whiteflies,cotton_whiteflies
dataset/train/cotton/whiteflies/cotton_whiteflies_train_0033.jpg,train,cotton,whiteflies,cotton_whiteflies
dataset/train/cotton/whiteflies/cotton_whiteflies_train_0034.jpg,train,cotton,whiteflies,cotton_whiteflies
dataset/train/cotton/whiteflies/cotton_whiteflies_train_0035.jpg,train,cotton,whiteflies,cotton_whiteflies
dataset/train/cotton/whiteflies/cotton_whiteflies_train_0036.jpg,train,cotton,whiteflies,cotton_whiteflies
dataset/train/cotton/whiteflies/cotton_whiteflies_train_0037.jpg,train,cotton,whiteflies,cotton_whiteflies
dataset/train/cotton/whiteflies/cotton_whiteflies_train_0038.jpg,train,cotton,whiteflies,cotton_whiteflies
dataset/train/cotton/whiteflies/cotton_whiteflies_train_0039.jpg,train,cotton,whiteflies,cotton_whiteflies
dataset/train/cotton/whiteflies/cotton_whiteflies_train_0040.jpg,train,cotton,whiteflies,cotton_whiteflies
dataset/train/cotton/whiteflies/cotton_whiteflies_train_0041.jpg,train,cotton,whiteflies,cotton_whiteflies
dataset/train/cotton/whiteflies/cotton_whiteflies_train_0042.jpg,train,cotton,whiteflies,cotton_whiteflies
dataset/train/cotton/whiteflies/cotton_whiteflies_train_0043.jpg,train,cotton,whiteflies,cotton_whiteflies
dataset/train/cotton/whiteflies/cotton_whiteflies_train_0044.jpg,train,cotton,whiteflies,cotton_whiteflies
dataset/train/cotton/whiteflies/cotton_whiteflies_train_0045.jpg,train,cotton,whiteflies,cotton_whiteflies
dataset/train/cotton/whiteflies/cotton_whiteflies_train_0046.jpg,train,cotton,whiteflies,cotton_whiteflies
dataset/train/cotton/whiteflies/cotton_whiteflies_train_0047.jpg,train,cotton,whiteflies,cotton_whiteflies
dataset/train/cotton/whiteflies/cotton_whiteflies_train_0048.jpg,train,cotton,whiteflies,cotton_whiteflies
dataset/train/cotton/whiteflies/cotton_whiteflies_train_0049.jpg,train,cotton,whiteflies,cotton_whiteflies
dataset/train/cotton/whiteflies/cotton_whiteflies_train_0050.jpg,train,cotton,whiteflies,cotton_whiteflies
dataset/train/cotton/whiteflies/cotton_whiteflies_train_0051.jpg,train,cotton,whiteflies,cotton_whiteflies
dataset/train/cotton/whiteflies/cotton_whiteflies_train_0052.jpg,train,cotton,whiteflies,cotton_whiteflies
dataset/train/cotton/whiteflies/cotton_whiteflies_train_0053.jpg,train,cotton,whiteflies,cotton_whiteflies
dataset/train/cotton/whiteflies/cotton_whiteflies_train_0054.jpg,train,cotton,whiteflies,cotton_whiteflies
dataset/train/cotton/whiteflies/cotton_whiteflies_train_0055.jpg,train,cotton,whiteflies,cotton_whiteflies
dataset/train/cotton/whiteflies/cotton_whiteflies_train_0056.jpg,train,cotton,whiteflies,cotton_whiteflies
dataset/train/cotton/whiteflies/cotton_whiteflies_train_0057.jpg,train,cotton,whiteflies,cotton_whiteflies
dataset/train/cotton/whiteflies/cotton_whiteflies_train_0058.jpg,train,cotton,whiteflies,cotton_whiteflies
dataset/train/cotton/whiteflies/cotton_whiteflies_train_0059.jpg,train,cotton,whiteflies,cotton_whiteflies
dataset/train/cotton/whiteflies/cotton_whiteflies_train_0060.jpg,train,cotton,whiteflies,cotton_whiteflies
dataset/train/cotton/whiteflies/cotton_whiteflies_train_0061.jpg,train,cotton,whiteflies,cotton_whiteflies
dataset/train/cotton/whiteflies/cotton_whiteflies_train_0062.jpg,train,cotton,whiteflies,cotton_whiteflies
dataset/train/cotton/whiteflies/cotton_whiteflies_train_0063.jpg,train,cotton,whiteflies,cotton_whiteflies
dataset/train/cotton/whiteflies/cotton_whiteflies_train_0064.jpg,train,cotton,whiteflies,cotton_whiteflies
dataset/train/cotton/whiteflies/cotton_whiteflies_train_0065.jpg,train,cotton,whiteflies,cotton_whiteflies
dataset/train/cotton/whiteflies/cotton_whiteflies_train_0066.jpg,train,cotton,whiteflies,cotton_whiteflies
dataset/train/cotton/whiteflies/cotton_whiteflies_train_0067.jpg,train,cotton,whiteflies,cotton_whiteflies
dataset/train/cotton/whiteflies/cotton_whiteflies_train_0068.jpg,train,cotton,whiteflies,cotton_whiteflies
dataset/train/cotton/whiteflies/cotton_whiteflies_train_0069.jpg,train,cotton,whiteflies,cotton_whiteflies
dataset/train/cotton/whiteflies/cotton_whiteflies_train_0070.jpg,train,cotton,whiteflies,cotton_whiteflies
dataset/train/cotton/whiteflies/cotton_whiteflies_train_0071.jpg,train,cotton,whiteflies,cotton_whiteflies
dataset/train/cotton/whiteflies/cotton_whiteflies_train_0072.jpg,train,cotton,whiteflies,cotton_whiteflies
dataset/train/cotton/whiteflies/cotton_whiteflies_train_0073.jpg,train,cotton,whiteflies,cotton_whiteflies
dataset/train/cotton/whiteflies/cotton_whiteflies_train_0074.jpg,train,cotton,whiteflies,cotton_whiteflies
dataset/train/cotton/whiteflies/cotton_whiteflies_train_0075.jpg,train,cotton,whiteflies,cotton_whiteflies
dataset/train/cotton/whiteflies/cotton_whiteflies_train_0076.jpg,train,cotton,whiteflies,cotton_whiteflies
dataset/train/cotton/whiteflies/cotton_whiteflies_train_0077.jpg,train,cotton,whiteflies,cotton_whiteflies
dataset/train/cotton/whiteflies/cotton_whiteflies_train_0078.jpg,train,cotton,whiteflies,cotton_whiteflies
dataset/train/cotton/whiteflies/cotton_whiteflies_train_0079.jpg,train,cotton,whiteflies,cotton_whiteflies
dataset/train/cotton/whiteflies/cotton_whiteflies_train_0080.jpg,train,cotton,whiteflies,cotton_whiteflies
dataset/train/cotton/whiteflies/cotton_whiteflies_train_0081.jpg,train,cotton,whiteflies,cotton_whiteflies
dataset/train/cotton/whiteflies/cotton_whiteflies_train_0082.jpg,train,cotton,whiteflies,cotton_whiteflies
dataset/train/cotton/whiteflies/cotton_whiteflies_train_0083.jpg,train,cotton,whiteflies,cotton_whiteflies
dataset/train/cotton/whiteflies/cotton_whiteflies_train_0084.jpg,train,cotton,whiteflies,cotton_whiteflies
dataset/train/cotton/whiteflies/cotton_whiteflies_train_0085.jpg,train,cotton,whiteflies,cotton_whiteflies
dataset/train/cotton/whiteflies/cotton_whiteflies_train_0086.jpg,train,cotton,whiteflies,cotton_whiteflies
dataset/train/cotton/whiteflies/cotton_whiteflies_train_0087.jpg,train,cotton,whiteflies,cotton_whiteflies
dataset/train/cotton/whiteflies/cotton_whiteflies_train_0088.jpg,train,cotton,whiteflies,cotton_whiteflies
dataset/train/cotton/whiteflies/cotton_whiteflies_train_0089.jpg,train,cotton,whiteflies,cotton_whiteflies
dataset/train/cotton/whiteflies/cotton_whiteflies_train_0090.jpg,train,cotton,whiteflies,cotton_whiteflies
dataset/train/cotton/whiteflies/cotton_whiteflies_train_0091.jpg,train,cotton,whiteflies,cotton_whiteflies
dataset/train/cotton/whiteflies/cotton_whiteflies_train_0092.jpg,train,cotton,whiteflies,cotton_whiteflies
dataset/train/cotton/whiteflies/cotton_whiteflies_train_0093.jpg,train,cotton,whiteflies,cotton_whiteflies
dataset/train/cotton/whiteflies/cotton_whiteflies_train_0094.jpg,train,cotton,whiteflies,cotton_whiteflies
dataset/train/cotton/whiteflies/cotton_whiteflies_train_0095.jpg,train,cotton,whiteflies,cotton_whiteflies
dataset/train/cotton/whiteflies/cotton_whiteflies_train_0096.jpg,train,cotton,whiteflies,cotton_whiteflies
dataset/train/cotton/whiteflies/cotton_whiteflies_train_0097.jpg,train,cotton,whiteflies,cotton_whiteflies
dataset/train/cotton/whiteflies/cotton_whiteflies_train_0098.jpg,train,cotton,whiteflies,cotton_whiteflies
dataset/train/cotton/whiteflies/cotton_whiteflies_train_0099.jpg,train,cotton,whiteflies,cotton_whiteflies
dataset/train/cotton/whiteflies/cotton_whiteflies_train_0100.jpg,train,cotton,whiteflies,cotton_whiteflies
dataset/train/cotton/whiteflies/cotton_whiteflies_train_0101.jpg,train,cotton,whiteflies,cotton_whiteflies
dataset/train/cotton/whiteflies/cotton_whiteflies_train_0102.jpg,train,cotton,whiteflies,cotton_whiteflies
dataset/train/cotton/whiteflies/cotton_whiteflies_train_0103.jpg,train,cotton,whiteflies,cotton_whiteflies
dataset/train/cotton/whiteflies/cotton_whiteflies_train_0104.jpg,train,cotton,whiteflies,cotton_whiteflies
dataset/train/cotton/whiteflies/cotton_whiteflies_train_0105.jpg,train,cotton,whiteflies,cotton_whiteflies
dataset/val/cotton/whiteflies/cotton_whiteflies_val_0001.jpg,val,cotton,whiteflies,cotton_whiteflies
dataset/val/cotton/whiteflies/cotton_whiteflies_val_0002.jpg,val,cotton,whiteflies,cotton_whiteflies
dataset/val/cotton/whiteflies/cotton_whiteflies_val_0003.jpg,val,cotton,whiteflies,cotton_whiteflies
dataset/val/cotton/whiteflies/cotton_whiteflies_val_0004.jpg,val,cotton,whiteflies,cotton_whiteflies
dataset/val/cotton/whiteflies/cotton_whiteflies_val_0005.jpg,val,cotton,whiteflies,cotton_whiteflies
dataset/val/cotton/whiteflies/cotton_whiteflies_val_0006.jpg,val,cotton,whiteflies,cotton_whiteflies
dataset/val/cotton/whiteflies/cotton_whiteflies_val_0007.jpg,val,cotton,whiteflies,cotton_whiteflies
dataset/val/cotton/whiteflies/cotton_whiteflies_val_0008.jpg,val,cotton,whiteflies,cotton_whiteflies
dataset/val/cotton/whiteflies/cotton_whiteflies_val_0009.jpg,val,cotton,whiteflies,cotton_whiteflies
dataset/val/cotton/whiteflies/cotton_whiteflies_val_0010.jpg,val,cotton,whiteflies,cotton_whiteflies
dataset/val/cotton/whiteflies/cotton_whiteflies_val_0011.jpg,val,cotton,whiteflies,cotton_whiteflies
dataset/val/cotton/whiteflies/cotton_whiteflies_val_0012.jpg,val,cotton,whiteflies,cotton_whiteflies
dataset/val/cotton/whiteflies/cotton_whiteflies_val_0013.jpg,val,cotton,whiteflies,cotton_whiteflies
dataset/val/cotton/whiteflies/cotton_whiteflies_val_0014.jpg,val,cotton,whiteflies,cotton_whiteflies
dataset/val/cotton/whiteflies/cotton_whiteflies_val_0015.jpg,val,cotton,whiteflies,cotton_whiteflies
dataset/val/cotton/whiteflies/cotton_whiteflies_val_0016.jpg,val,cotton,whiteflies,cotton_whiteflies
dataset/val/cotton/whiteflies/cotton_whiteflies_val_0017.jpg,val,cotton,whiteflies,cotton_whiteflies
dataset/val/cotton/whiteflies/cotton_whiteflies_val_0018.jpg,val,cotton,whiteflies,cotton_whiteflies
dataset/val/cotton/whiteflies/cotton_whiteflies_val_0019.jpg,val,cotton,whiteflies,cotton_whiteflies
dataset/val/cotton/whiteflies/cotton_whiteflies_val_0020.jpg,val,cotton,whiteflies,cotton_whiteflies
dataset/val/cotton/whiteflies/cotton_whiteflies_val_0021.jpg,val,cotton,whiteflies,cotton_whiteflies
dataset/val/cotton/whiteflies/cotton_whiteflies_val_0022.jpg,val,cotton,whiteflies,cotton_whiteflies
dataset/test/cotton/whiteflies/cotton_whiteflies_test_0001.jpg,test,cotton,whiteflies,cotton_whiteflies
dataset/test/cotton/whiteflies/cotton_whiteflies_test_0002.jpg,test,cotton,whiteflies,cotton_whiteflies
dataset/test/cotton/whiteflies/cotton_whiteflies_test_0003.jpg,test,cotton,whiteflies,cotton_whiteflies
dataset/test/cotton/whiteflies/cotton_whiteflies_test_0004.jpg,test,cotton,whiteflies,cotton_whiteflies
dataset/test/cotton/whiteflies/cotton_whiteflies_test_0005.jpg,test,cotton,whiteflies,cotton_whiteflies
dataset/test/cotton/whiteflies/cotton_whiteflies_test_0006.jpg,test,cotton,whiteflies,cotton_whiteflies
dataset/test/cotton/whiteflies/cotton_whiteflies_test_0007.jpg,test,cotton,whiteflies,cotton_whiteflies
dataset/test/cotton/whiteflies/cotton_whiteflies_test_0008.jpg,test,cotton,whiteflies,cotton_whiteflies
dataset/test/cotton/whiteflies/cotton_whiteflies_test_0009.jpg,test,cotton,whiteflies,cotton_whiteflies
dataset/test/cotton/whiteflies/cotton_whiteflies_test_0010.jpg,test,cotton,whiteflies,cotton_whiteflies
dataset/test/cotton/whiteflies/cotton_whiteflies_test_0011.jpg,test,cotton,whiteflies,cotton_whiteflies
dataset/test/cotton/whiteflies/cotton_whiteflies_test_0012.jpg,test,cotton,whiteflies,cotton_whiteflies
dataset/test/cotton/whiteflies/cotton_whiteflies_test_0013.jpg,test,cotton,whiteflies,cotton_whiteflies
dataset/test/cotton/whiteflies/cotton_whiteflies_test_0014.jpg,test,cotton,whiteflies,cotton_whiteflies
dataset/test/cotton/whiteflies/cotton_whiteflies_test_0015.jpg,test,cotton,whiteflies,cotton_whiteflies
dataset/test/cotton/whiteflies/cotton_whiteflies_test_0016.jpg,test,cotton,whiteflies,cotton_whiteflies
dataset/test/cotton/whiteflies/cotton_whiteflies_test_0017.jpg,test,cotton,whiteflies,cotton_whiteflies
dataset/test/cotton/whiteflies/cotton_whiteflies_test_0018.jpg,test,cotton,whiteflies,cotton_whiteflies
dataset/test/cotton/whiteflies/cotton_whiteflies_test_0019.jpg,test,cotton,whiteflies,cotton_whiteflies
dataset/test/cotton/whiteflies/cotton_whiteflies_test_0020.jpg,test,cotton,whiteflies,cotton_whiteflies
dataset/test/cotton/whiteflies/cotton_whiteflies_test_0021.jpg,test,cotton,whiteflies,cotton_whiteflies
dataset/test/cotton/whiteflies/cotton_whiteflies_test_0022.jpg,test,cotton,whiteflies,cotton_whiteflies
dataset/test/cotton/whiteflies/cotton_whiteflies_test_0023.jpg,test,cotton,whiteflies,cotton_whiteflies
dataset/train/cotton/leaf_spot/cotton_leaf_spot_train_0001.jpg,train,cotton,leaf_spot,cotton_leaf_spot
dataset/train/cotton/leaf_spot/cotton_leaf_spot_train_0002.jpg,train,cotton,leaf_spot,cotton_leaf_spot
dataset/train/cotton/leaf_spot/cotton_leaf_spot_train_0003.jpg,train,cotton,leaf_spot,cotton_leaf_spot
dataset/train/cotton/leaf_spot/cotton_leaf_spot_train_0004.jpg,train,cotton,leaf_spot,cotton_leaf_spot
dataset/train/cotton/leaf_spot/cotton_leaf_spot_train_0005.jpg,train,cotton,leaf_spot,cotton_leaf_spot
dataset/train/cotton/leaf_spot/cotton_leaf_spot_train_0006.jpg,train,cotton,leaf_spot,cotton_leaf_spot
dataset/train/cotton/leaf_spot/cotton_leaf_spot_train_0007.jpg,train,cotton,leaf_spot,cotton_leaf_spot
dataset/train/cotton/leaf_spot/cotton_leaf_spot_train_0008.jpg,train,cotton,leaf_spot,cotton_leaf_spot
dataset/train/cotton/leaf_spot/cotton_leaf_spot_train_0009.jpg,train,cotton,leaf_spot,cotton_leaf_spot
dataset/train/cotton/leaf_spot/cotton_leaf_spot_train_0010.jpg,train,cotton,leaf_spot,cotton_leaf_spot
dataset/train/cotton/leaf_spot/cotton_leaf_spot_train_0011.jpg,train,cotton,leaf_spot,cotton_leaf_spot
dataset/train/cotton/leaf_spot/cotton_leaf_spot_train_0012.jpg,train,cotton,leaf_spot,cotton_leaf_spot
dataset/train/cotton/leaf_spot/cotton_leaf_spot_train_0013.jpg,train,cotton,leaf_spot,cotton_leaf_spot
dataset/train/cotton/leaf_spot/cotton_leaf_spot_train_0014.jpg,train,cotton,leaf_spot,cotton_leaf_spot
dataset/train/cotton/leaf_spot/cotton_leaf_spot_train_0015.jpg,train,cotton,leaf_spot,cotton_leaf_spot
dataset/train/cotton/leaf_spot/cotton_leaf_spot_train_0016.jpg,train,cotton,leaf_spot,cotton_leaf_spot
dataset/train/cotton/leaf_spot/cotton_leaf_spot_train_0017.jpg,train,cotton,leaf_spot,cotton_leaf_spot
dataset/train/cotton/leaf_spot/cotton_leaf_spot_train_0018.jpg,train,cotton,leaf_spot,cotton_leaf_spot
dataset/train/cotton/leaf_spot/cotton_leaf_spot_train_0019.jpg,train,cotton,leaf_spot,cotton_leaf_spot
dataset/train/cotton/leaf_spot/cotton_leaf_spot_train_0020.jpg,train,cotton,leaf_spot,cotton_leaf_spot
dataset/train/cotton/leaf_spot/cotton_leaf_spot_train_0021.jpg,train,cotton,leaf_spot,cotton_leaf_spot
dataset/train/cotton/leaf_spot/cotton_leaf_spot_train_0022.jpg,train,cotton,leaf_spot,cotton_leaf_spot
dataset/train/cotton/leaf_spot/cotton_leaf_spot_train_0023.jpg,train,cotton,leaf_spot,cotton_leaf_spot
dataset/train/cotton/leaf_spot/cotton_leaf_spot_train_0024.jpg,train,cotton,leaf_spot,cotton_leaf_spot
dataset/train/cotton/leaf_spot/cotton_leaf_spot_train_0025.jpg,train,cotton,leaf_spot,cotton_leaf_spot
dataset/train/cotton/leaf_spot/cotton_leaf_spot_train_0026.jpg,train,cotton,leaf_spot,cotton_leaf_spot
dataset/train/cotton/leaf_spot/cotton_leaf_spot_train_0027.jpg,train,cotton,leaf_spot,cotton_leaf_spot
dataset/train/cotton/leaf_spot/cotton_leaf_spot_train_0028.jpg,train,cotton,leaf_spot,cotton_leaf_spot
dataset/train/cotton/leaf_spot/cotton_leaf_spot_train_0029.jpg,train,cotton,leaf_spot,cotton_leaf_spot
dataset/train/cotton/leaf_spot/cotton_leaf_spot_train_0030.jpg,train,cotton,leaf_spot,cotton_leaf_spot
dataset/train/cotton/leaf_spot/cotton_leaf_spot_train_0031.jpg,train,cotton,leaf_spot,cotton_leaf_spot
dataset/train/cotton/leaf_spot/cotton_leaf_spot_train_0032.jpg,train,cotton,leaf_spot,cotton_leaf_spot
dataset/train/cotton/leaf_spot/cotton_leaf_spot_train_0033.jpg,train,cotton,leaf_spot,cotton_leaf_spot
dataset/train/cotton/leaf_spot/cotton_leaf_spot_train_0034.jpg,train,cotton,leaf_spot,cotton_leaf_spot
dataset/train/cotton/leaf_spot/cotton_leaf_spot_train_0035.jpg,train,cotton,leaf_spot,cotton_leaf_spot
dataset/train/cotton/leaf_spot/cotton_leaf_spot_train_0036.jpg,train,cotton,leaf_spot,cotton_leaf_spot
dataset/train/cotton/leaf_spot/cotton_leaf_spot_train_0037.jpg,train,cotton,leaf_spot,cotton_leaf_spot
dataset/train/cotton/leaf_spot/cotton_leaf_spot_train_0038.jpg,train,cotton,leaf_spot,cotton_leaf_spot
dataset/train/cotton/leaf_spot/cotton_leaf_spot_train_0039.jpg,train,cotton,leaf_spot,cotton_leaf_spot
dataset/train/cotton/leaf_spot/cotton_leaf_spot_train_0040.jpg,train,cotton,leaf_spot,cotton_leaf_spot
dataset/train/cotton/leaf_spot/cotton_leaf_spot_train_0041.jpg,train,cotton,leaf_spot,cotton_leaf_spot
dataset/train/cotton/leaf_spot/cotton_leaf_spot_train_0042.jpg,train,cotton,leaf_spot,cotton_leaf_spot
dataset/train/cotton/leaf_spot/cotton_leaf_spot_train_0043.jpg,train,cotton,leaf_spot,cotton_leaf_spot
dataset/train/cotton/leaf_spot/cotton_leaf_spot_train_0044.jpg,train,cotton,leaf_spot,cotton_leaf_spot
dataset/train/cotton/leaf_spot/cotton_leaf_spot_train_0045.jpg,train,cotton,leaf_spot,cotton_leaf_spot
dataset/train/cotton/leaf_spot/cotton_leaf_spot_train_0046.jpg,train,cotton,leaf_spot,cotton_leaf_spot
dataset/train/cotton/leaf_spot/cotton_leaf_spot_train_0047.jpg,train,cotton,leaf_spot,cotton_leaf_spot
dataset/train/cotton/leaf_spot/cotton_leaf_spot_train_0048.jpg,train,cotton,leaf_spot,cotton_leaf_spot
dataset/train/cotton/leaf_spot/cotton_leaf_spot_train_0049.jpg,train,cotton,leaf_spot,cotton_leaf_spot
dataset/train/cotton/leaf_spot/cotton_leaf_spot_train_0050.jpg,train,cotton,leaf_spot,cotton_leaf_spot
dataset/train/cotton/leaf_spot/cotton_leaf_spot_train_0051.jpg,train,cotton,leaf_spot,cotton_leaf_spot
dataset/train/cotton/leaf_spot/cotton_leaf_spot_train_0052.jpg,train,cotton,leaf_spot,cotton_leaf_spot
dataset/train/cotton/leaf_spot/cotton_leaf_spot_train_0053.jpg,train,cotton,leaf_spot,cotton_leaf_spot
dataset/train/cotton/leaf_spot/cotton_leaf_spot_train_0054.jpg,train,cotton,leaf_spot,cotton_leaf_spot
dataset/train/cotton/leaf_spot/cotton_leaf_spot_train_0055.jpg,train,cotton,leaf_spot,cotton_leaf_spot
dataset/train/cotton/leaf_spot/cotton_leaf_spot_train_0056.jpg,train,cotton,leaf_spot,cotton_leaf_spot
dataset/train/cotton/leaf_spot/cotton_leaf_spot_train_0057.jpg,train,cotton,leaf_spot,cotton_leaf_spot
dataset/train/cotton/leaf_spot/cotton_leaf_spot_train_0058.jpg,train,cotton,leaf_spot,cotton_leaf_spot
dataset/train/cotton/leaf_spot/cotton_leaf_spot_train_0059.jpg,train,cotton,leaf_spot,cotton_leaf_spot
dataset/train/cotton/leaf_spot/cotton_leaf_spot_train_0060.jpg,train,cotton,leaf_spot,cotton_leaf_spot
dataset/train/cotton/leaf_spot/cotton_leaf_spot_train_0061.jpg,train,cotton,leaf_spot,cotton_leaf_spot
dataset/train/cotton/leaf_spot/cotton_leaf_spot_train_0062.jpg,train,cotton,leaf_spot,cotton_leaf_spot
dataset/train/cotton/leaf_spot/cotton_leaf_spot_train_0063.jpg,train,cotton,leaf_spot,cotton_leaf_spot
dataset/train/cotton/leaf_spot/cotton_leaf_spot_train_0064.jpg,train,cotton,leaf_spot,cotton_leaf_spot
dataset/train/cotton/leaf_spot/cotton_leaf_spot_train_0065.jpg,train,cotton,leaf_spot,cotton_leaf_spot
dataset/train/cotton/leaf_spot/cotton_leaf_spot_train_0066.jpg,train,cotton,leaf_spot,cotton_leaf_spot
dataset/train/cotton/leaf_spot/cotton_leaf_spot_train_0067.jpg,train,cotton,leaf_spot,cotton_leaf_spot
dataset/train/cotton/leaf_spot/cotton_leaf_spot_train_0068.jpg,train,cotton,leaf_spot,cotton_leaf_spot
dataset/train/cotton/leaf_spot/cotton_leaf_spot_train_0069.jpg,train,cotton,leaf_spot,cotton_leaf_spot
dataset/train/cotton/leaf_spot/cotton_leaf_spot_train_0070.jpg,train,cotton,leaf_spot,cotton_leaf_spot
dataset/train/cotton/leaf_spot/cotton_leaf_spot_train_0071.jpg,train,cotton,leaf_spot,cotton_leaf_spot
dataset/train/cotton/leaf_spot/cotton_leaf_spot_train_0072.jpg,train,cotton,leaf_spot,cotton_leaf_spot
dataset/train/cotton/leaf_spot/cotton_leaf_spot_train_0073.jpg,train,cotton,leaf_spot,cotton_leaf_spot
dataset/train/cotton/leaf_spot/cotton_leaf_spot_train_0074.jpg,train,cotton,leaf_spot,cotton_leaf_spot
dataset/train/cotton/leaf_spot/cotton_leaf_spot_train_0075.jpg,train,cotton,leaf_spot,cotton_leaf_spot
dataset/train/cotton/leaf_spot/cotton_leaf_spot_train_0076.jpg,train,cotton,leaf_spot,cotton_leaf_spot
dataset/train/cotton/leaf_spot/cotton_leaf_spot_train_0077.jpg,train,cotton,leaf_spot,cotton_leaf_spot
dataset/train/cotton/leaf_spot/cotton_leaf_spot_train_0078.jpg,train,cotton,leaf_spot,cotton_leaf_spot
dataset/train/cotton/leaf_spot/cotton_leaf_spot_train_0079.jpg,train,cotton,leaf_spot,cotton_leaf_spot
dataset/train/cotton/leaf_spot/cotton_leaf_spot_train_0080.jpg,train,cotton,leaf_spot,cotton_leaf_spot
dataset/train/cotton/leaf_spot/cotton_leaf_spot_train_0081.jpg,train,cotton,leaf_spot,cotton_leaf_spot
dataset/train/cotton/leaf_spot/cotton_leaf_spot_train_0082.jpg,train,cotton,leaf_spot,cotton_leaf_spot
dataset/train/cotton/leaf_spot/cotton_leaf_spot_train_0083.jpg,train,cotton,leaf_spot,cotton_leaf_spot
dataset/train/cotton/leaf_spot/cotton_leaf_spot_train_0084.jpg,train,cotton,leaf_spot,cotton_leaf_spot
dataset/train/cotton/leaf_spot/cotton_leaf_spot_train_0085.jpg,train,cotton,leaf_spot,cotton_leaf_spot
dataset/train/cotton/leaf_spot/cotton_leaf_spot_train_0086.jpg,train,cotton,leaf_spot,cotton_leaf_spot
dataset/train/cotton/leaf_spot/cotton_leaf_spot_train_0087.jpg,train,cotton,leaf_spot,cotton_leaf_spot
dataset/train/cotton/leaf_spot/cotton_leaf_spot_train_0088.jpg,train,cotton,leaf_spot,cotton_leaf_spot
dataset/train/cotton/leaf_spot/cotton_leaf_spot_train_0089.jpg,train,cotton,leaf_spot,cotton_leaf_spot
dataset/train/cotton/leaf_spot/cotton_leaf_spot_train_0090.jpg,train,cotton,leaf_spot,cotton_leaf_spot
dataset/train/cotton/leaf_spot/cotton_leaf_spot_train_0091.jpg,train,cotton,leaf_spot,cotton_leaf_spot
dataset/train/cotton/leaf_spot/cotton_leaf_spot_train_0092.jpg,train,cotton,leaf_spot,cotton_leaf_spot
dataset/train/cotton/leaf_spot/cotton_leaf_spot_train_0093.jpg,train,cotton,leaf_spot,cotton_leaf_spot
dataset/train/cotton/leaf_spot/cotton_leaf_spot_train_0094.jpg,train,cotton,leaf_spot,cotton_leaf_spot
dataset/train/cotton/leaf_spot/cotton_leaf_spot_train_0095.jpg,train,cotton,leaf_spot,cotton_leaf_spot
dataset/train/cotton/leaf_spot/cotton_leaf_spot_train_0096.jpg,train,cotton,leaf_spot,cotton_leaf_spot
dataset/train/cotton/leaf_spot/cotton_leaf_spot_train_0097.jpg,train,cotton,leaf_spot,cotton_leaf_spot
dataset/train/cotton/leaf_spot/cotton_leaf_spot_train_0098.jpg,train,cotton,leaf_spot,cotton_leaf_spot
dataset/train/cotton/leaf_spot/cotton_leaf_spot_train_0099.jpg,train,cotton,leaf_spot,cotton_leaf_spot
dataset/train/cotton/leaf_spot/cotton_leaf_spot_train_0100.jpg,train,cotton,leaf_spot,cotton_leaf_spot
dataset/train/cotton/leaf_spot/cotton_leaf_spot_train_0101.jpg,train,cotton,leaf_spot,cotton_leaf_spot
dataset/train/cotton/leaf_spot/cotton_leaf_spot_train_0102.jpg,train,cotton,leaf_spot,cotton_leaf_spot
dataset/train/cotton/leaf_spot/cotton_leaf_spot_train_0103.jpg,train,cotton,leaf_spot,cotton_leaf_spot
dataset/train/cotton/leaf_spot/cotton_leaf_spot_train_0104.jpg,train,cotton,leaf_spot,cotton_leaf_spot
dataset/train/cotton/leaf_spot/cotton_leaf_spot_train_0105.jpg,train,cotton,leaf_spot,cotton_leaf_spot
dataset/val/cotton/leaf_spot/cotton_leaf_spot_val_0001.jpg,val,cotton,leaf_spot,cotton_leaf_spot
dataset/val/cotton/leaf_spot/cotton_leaf_spot_val_0002.jpg,val,cotton,leaf_spot,cotton_leaf_spot
dataset/val/cotton/leaf_spot/cotton_leaf_spot_val_0003.jpg,val,cotton,leaf_spot,cotton_leaf_spot
dataset/val/cotton/leaf_spot/cotton_leaf_spot_val_0004.jpg,val,cotton,leaf_spot,cotton_leaf_spot
dataset/val/cotton/leaf_spot/cotton_leaf_spot_val_0005.jpg,val,cotton,leaf_spot,cotton_leaf_spot
dataset/val/cotton/leaf_spot/cotton_leaf_spot_val_0006.jpg,val,cotton,leaf_spot,cotton_leaf_spot
dataset/val/cotton/leaf_spot/cotton_leaf_spot_val_0007.jpg,val,cotton,leaf_spot,cotton_leaf_spot
dataset/val/cotton/leaf_spot/cotton_leaf_spot_val_0008.jpg,val,cotton,leaf_spot,cotton_leaf_spot
dataset/val/cotton/leaf_spot/cotton_leaf_spot_val_0009.jpg,val,cotton,leaf_spot,cotton_leaf_spot
dataset/val/cotton/leaf_spot/cotton_leaf_spot_val_0010.jpg,val,cotton,leaf_spot,cotton_leaf_spot
dataset/val/cotton/leaf_spot/cotton_leaf_spot_val_0011.jpg,val,cotton,leaf_spot,cotton_leaf_spot
dataset/val/cotton/leaf_spot/cotton_leaf_spot_val_0012.jpg,val,cotton,leaf_spot,cotton_leaf_spot
dataset/val/cotton/leaf_spot/cotton_leaf_spot_val_0013.jpg,val,cotton,leaf_spot,cotton_leaf_spot
dataset/val/cotton/leaf_spot/cotton_leaf_spot_val_0014.jpg,val,cotton,leaf_spot,cotton_leaf_spot
dataset/val/cotton/leaf_spot/cotton_leaf_spot_val_0015.jpg,val,cotton,leaf_spot,cotton_leaf_spot
dataset/val/cotton/leaf_spot/cotton_leaf_spot_val_0016.jpg,val,cotton,leaf_spot,cotton_leaf_spot
dataset/val/cotton/leaf_spot/cotton_leaf_spot_val_0017.jpg,val,cotton,leaf_spot,cotton_leaf_spot
dataset/val/cotton/leaf_spot/cotton_leaf_spot_val_0018.jpg,val,cotton,leaf_spot,cotton_leaf_spot
dataset/val/cotton/leaf_spot/cotton_leaf_spot_val_0019.jpg,val,cotton,leaf_spot,cotton_leaf_spot
dataset/val/cotton/leaf_spot/cotton_leaf_spot_val_0020.jpg,val,cotton,leaf_spot,cotton_leaf_spot
dataset/val/cotton/leaf_spot/cotton_leaf_spot_val_0021.jpg,val,cotton,leaf_spot,cotton_leaf_spot
dataset/val/cotton/leaf_spot/cotton_leaf_spot_val_0022.jpg,val,cotton,leaf_spot,cotton_leaf_spot
dataset/test/cotton/leaf_spot/cotton_leaf_spot_test_0001.jpg,test,cotton,leaf_spot,cotton_leaf_spot
dataset/test/cotton/leaf_spot/cotton_leaf_spot_test_0002.jpg,test,cotton,leaf_spot,cotton_leaf_spot
dataset/test/cotton/leaf_spot/cotton_leaf_spot_test_0003.jpg,test,cotton,leaf_spot,cotton_leaf_spot
dataset/test/cotton/leaf_spot/cotton_leaf_spot_test_0004.jpg,test,cotton,leaf_spot,cotton_leaf_spot
dataset/test/cotton/leaf_spot/cotton_leaf_spot_test_0005.jpg,test,cotton,leaf_spot,cotton_leaf_spot
dataset/test/cotton/leaf_spot/cotton_leaf_spot_test_0006.jpg,test,cotton,leaf_spot,cotton_leaf_spot
dataset/test/cotton/leaf_spot/cotton_leaf_spot_test_0007.jpg,test,cotton,leaf_spot,cotton_leaf_spot
dataset/test/cotton/leaf_spot/cotton_leaf_spot_test_0008.jpg,test,cotton,leaf_spot,cotton_leaf_spot
dataset/test/cotton/leaf_spot/cotton_leaf_spot_test_0009.jpg,test,cotton,leaf_spot,cotton_leaf_spot
dataset/test/cotton/leaf_spot/cotton_leaf_spot_test_0010.jpg,test,cotton,leaf_spot,cotton_leaf_spot
dataset/test/cotton/leaf_spot/cotton_leaf_spot_test_0011.jpg,test,cotton,leaf_spot,cotton_leaf_spot
dataset/test/cotton/leaf_spot/cotton_leaf_spot_test_0012.jpg,test,cotton,leaf_spot,cotton_leaf_spot
dataset/test/cotton/leaf_spot/cotton_leaf_spot_test_0013.jpg,test,cotton,leaf_spot,cotton_leaf_spot
dataset/test/cotton/leaf_spot/cotton_leaf_spot_test_0014.jpg,test,cotton,leaf_spot,cotton_leaf_spot
dataset/test/cotton/leaf_spot/cotton_leaf_spot_test_0015.jpg,test,cotton,leaf_spot,cotton_leaf_spot
dataset/test/cotton/leaf_spot/cotton_leaf_spot_test_0016.jpg,test,cotton,leaf_spot,cotton_leaf_spot
dataset/test/cotton/leaf_spot/cotton_leaf_spot_test_0017.jpg,test,cotton,leaf_spot,cotton_leaf_spot
dataset/test/cotton/leaf_spot/cotton_leaf_spot_test_0018.jpg,test,cotton,leaf_spot,cotton_leaf_spot
dataset/test/cotton/leaf_spot/cotton_leaf_spot_test_0019.jpg,test,cotton,leaf_spot,cotton_leaf_spot
dataset/test/cotton/leaf_spot/cotton_leaf_spot_test_0020.jpg,test,cotton,leaf_spot,cotton_leaf_spot
dataset/test/cotton/leaf_spot/cotton_leaf_spot_test_0021.jpg,test,cotton,leaf_spot,cotton_leaf_spot
dataset/test/cotton/leaf_spot/cotton_leaf_spot_test_0022.jpg,test,cotton,leaf_spot,cotton_leaf_spot
dataset/test/cotton/leaf_spot/cotton_leaf_spot_test_0023.jpg,test,cotton,leaf_spot,cotton_leaf_spot
dataset/train/cotton/healthy/cotton_healthy_train_0001.jpg,train,cotton,healthy,cotton_healthy
dataset/train/cotton/healthy/cotton_healthy_train_0002.jpg,train,cotton,healthy,cotton_healthy
dataset/train/cotton/healthy/cotton_healthy_train_0003.jpg,train,cotton,healthy,cotton_healthy
dataset/train/cotton/healthy/cotton_healthy_train_0004.jpg,train,cotton,healthy,cotton_healthy
dataset/train/cotton/healthy/cotton_healthy_train_0005.jpg,train,cotton,healthy,cotton_healthy
dataset/train/cotton/healthy/cotton_healthy_train_0006.jpg,train,cotton,healthy,cotton_healthy
dataset/train/cotton/healthy/cotton_healthy_train_0007.jpg,train,cotton,healthy,cotton_healthy
dataset/train/cotton/healthy/cotton_healthy_train_0008.jpg,train,cotton,healthy,cotton_healthy
dataset/train/cotton/healthy/cotton_healthy_train_0009.jpg,train,cotton,healthy,cotton_healthy
dataset/train/cotton/healthy/cotton_healthy_train_0010.jpg,train,cotton,healthy,cotton_healthy
dataset/train/cotton/healthy/cotton_healthy_train_0011.jpg,train,cotton,healthy,cotton_healthy
dataset/train/cotton/healthy/cotton_healthy_train_0012.jpg,train,cotton,healthy,cotton_healthy
dataset/train/cotton/healthy/cotton_healthy_train_0013.jpg,train,cotton,healthy,cotton_healthy
dataset/train/cotton/healthy/cotton_healthy_train_0014.jpg,train,cotton,healthy,cotton_healthy
dataset/train/cotton/healthy/cotton_healthy_train_0015.jpg,train,cotton,healthy,cotton_healthy
dataset/train/cotton/healthy/cotton_healthy_train_0016.jpg,train,cotton,healthy,cotton_healthy
dataset/train/cotton/healthy/cotton_healthy_train_0017.jpg,train,cotton,healthy,cotton_healthy
dataset/train/cotton/healthy/cotton_healthy_train_0018.jpg,train,cotton,healthy,cotton_healthy
dataset/train/cotton/healthy/cotton_healthy_train_0019.jpg,train,cotton,healthy,cotton_healthy
dataset/train/cotton/healthy/cotton_healthy_train_0020.jpg,train,cotton,healthy,cotton_healthy
dataset/train/cotton/healthy/cotton_healthy_train_0021.jpg,train,cotton,healthy,cotton_healthy
dataset/train/cotton/healthy/cotton_healthy_train_0022.jpg,train,cotton,healthy,cotton_healthy
dataset/train/cotton/healthy/cotton_healthy_train_0023.jpg,train,cotton,healthy,cotton_healthy
dataset/train/cotton/healthy/cotton_healthy_train_0024.jpg,train,cotton,healthy,cotton_healthy
dataset/train/cotton/healthy/cotton_healthy_train_0025.jpg,train,cotton,healthy,cotton_healthy
dataset/train/cotton/healthy/cotton_healthy_train_0026.jpg,train,cotton,healthy,cotton_healthy
dataset/train/cotton/healthy/cotton_healthy_train_0027.jpg,train,cotton,healthy,cotton_healthy
dataset/train/cotton/healthy/cotton_healthy_train_0028.jpg,train,cotton,healthy,cotton_healthy
dataset/train/cotton/healthy/cotton_healthy_train_0029.jpg,train,cotton,healthy,cotton_healthy
dataset/train/cotton/healthy/cotton_healthy_train_0030.jpg,train,cotton,healthy,cotton_healthy
dataset/train/cotton/healthy/cotton_healthy_train_0031.jpg,train,cotton,healthy,cotton_healthy
dataset/train/cotton/healthy/cotton_healthy_train_0032.jpg,train,cotton,healthy,cotton_healthy
dataset/train/cotton/healthy/cotton_healthy_train_0033.jpg,train,cotton,healthy,cotton_healthy
dataset/train/cotton/healthy/cotton_healthy_train_0034.jpg,train,cotton,healthy,cotton_healthy
dataset/train/cotton/healthy/cotton_healthy_train_0035.jpg,train,cotton,healthy,cotton_healthy
dataset/train/cotton/healthy/cotton_healthy_train_0036.jpg,train,cotton,healthy,cotton_healthy
dataset/train/cotton/healthy/cotton_healthy_train_0037.jpg,train,cotton,healthy,cotton_healthy
dataset/train/cotton/healthy/cotton_healthy_train_0038.jpg,train,cotton,healthy,cotton_healthy
dataset/train/cotton/healthy/cotton_healthy_train_0039.jpg,train,cotton,healthy,cotton_healthy
dataset/train/cotton/healthy/cotton_healthy_train_0040.jpg,train,cotton,healthy,cotton_healthy
dataset/train/cotton/healthy/cotton_healthy_train_0041.jpg,train,cotton,healthy,cotton_healthy
dataset/train/cotton/healthy/cotton_healthy_train_0042.jpg,train,cotton,healthy,cotton_healthy
dataset/train/cotton/healthy/cotton_healthy_train_0043.jpg,train,cotton,healthy,cotton_healthy
dataset/train/cotton/healthy/cotton_healthy_train_0044.jpg,train,cotton,healthy,cotton_healthy
dataset/train/cotton/healthy/cotton_healthy_train_0045.jpg,train,cotton,healthy,cotton_healthy
dataset/train/cotton/healthy/cotton_healthy_train_0046.jpg,train,cotton,healthy,cotton_healthy
dataset/train/cotton/healthy/cotton_healthy_train_0047.jpg,train,cotton,healthy,cotton_healthy
dataset/train/cotton/healthy/cotton_healthy_train_0048.jpg,train,cotton,healthy,cotton_healthy
dataset/train/cotton/healthy/cotton_healthy_train_0049.jpg,train,cotton,healthy,cotton_healthy
dataset/train/cotton/healthy/cotton_healthy_train_0050.jpg,train,cotton,healthy,cotton_healthy
dataset/train/cotton/healthy/cotton_healthy_train_0051.jpg,train,cotton,healthy,cotton_healthy
dataset/train/cotton/healthy/cotton_healthy_train_0052.jpg,train,cotton,healthy,cotton_healthy
dataset/train/cotton/healthy/cotton_healthy_train_0053.jpg,train,cotton,healthy,cotton_healthy
dataset/train/cotton/healthy/cotton_healthy_train_0054.jpg,train,cotton,healthy,cotton_healthy
dataset/train/cotton/healthy/cotton_healthy_train_0055.jpg,train,cotton,healthy,cotton_healthy
dataset/train/cotton/healthy/cotton_healthy_train_0056.jpg,train,cotton,healthy,cotton_healthy
dataset/train/cotton/healthy/cotton_healthy_train_0057.jpg,train,cotton,healthy,cotton_healthy
dataset/train/cotton/healthy/cotton_healthy_train_0058.jpg,train,cotton,healthy,cotton_healthy
dataset/train/cotton/healthy/cotton_healthy_train_0059.jpg,train,cotton,healthy,cotton_healthy
dataset/train/cotton/healthy/cotton_healthy_train_0060.jpg,train,cotton,healthy,cotton_healthy
dataset/train/cotton/healthy/cotton_healthy_train_0061.jpg,train,cotton,healthy,cotton_healthy
dataset/train/cotton/healthy/cotton_healthy_train_0062.jpg,train,cotton,healthy,cotton_healthy
dataset/train/cotton/healthy/cotton_healthy_train_0063.jpg,train,cotton,healthy,cotton_healthy
dataset/train/cotton/healthy/cotton_healthy_train_0064.jpg,train,cotton,healthy,cotton_healthy
dataset/train/cotton/healthy/cotton_healthy_train_0065.jpg,train,cotton,healthy,cotton_healthy
dataset/train/cotton/healthy/cotton_healthy_train_0066.jpg,train,cotton,healthy,cotton_healthy
dataset/train/cotton/healthy/cotton_healthy_train_0067.jpg,train,cotton,healthy,cotton_healthy
dataset/train/cotton/healthy/cotton_healthy_train_0068.jpg,train,cotton,healthy,cotton_healthy
dataset/train/cotton/healthy/cotton_healthy_train_0069.jpg,train,cotton,healthy,cotton_healthy
dataset/train/cotton/healthy/cotton_healthy_train_0070.jpg,train,cotton,healthy,cotton_healthy
dataset/train/cotton/healthy/cotton_healthy_train_0071.jpg,train,cotton,healthy,cotton_healthy
dataset/train/cotton/healthy/cotton_healthy_train_0072.jpg,train,cotton,healthy,cotton_healthy
dataset/train/cotton/healthy/cotton_healthy_train_0073.jpg,train,cotton,healthy,cotton_healthy
dataset/train/cotton/healthy/cotton_healthy_train_0074.jpg,train,cotton,healthy,cotton_healthy
dataset/train/cotton/healthy/cotton_healthy_train_0075.jpg,train,cotton,healthy,cotton_healthy
dataset/train/cotton/healthy/cotton_healthy_train_0076.jpg,train,cotton,healthy,cotton_healthy
dataset/train/cotton/healthy/cotton_healthy_train_0077.jpg,train,cotton,healthy,cotton_healthy
dataset/train/cotton/healthy/cotton_healthy_train_0078.jpg,train,cotton,healthy,cotton_healthy
dataset/train/cotton/healthy/cotton_healthy_train_0079.jpg,train,cotton,healthy,cotton_healthy
dataset/train/cotton/healthy/cotton_healthy_train_0080.jpg,train,cotton,healthy,cotton_healthy
dataset/train/cotton/healthy/cotton_healthy_train_0081.jpg,train,cotton,healthy,cotton_healthy
dataset/train/cotton/healthy/cotton_healthy_train_0082.jpg,train,cotton,healthy,cotton_healthy
dataset/train/cotton/healthy/cotton_healthy_train_0083.jpg,train,cotton,healthy,cotton_healthy
dataset/train/cotton/healthy/cotton_healthy_train_0084.jpg,train,cotton,healthy,cotton_healthy
dataset/train/cotton/healthy/cotton_healthy_train_0085.jpg,train,cotton,healthy,cotton_healthy
dataset/train/cotton/healthy/cotton_healthy_train_0086.jpg,train,cotton,healthy,cotton_healthy
dataset/train/cotton/healthy/cotton_healthy_train_0087.jpg,train,cotton,healthy,cotton_healthy
dataset/train/cotton/healthy/cotton_healthy_train_0088.jpg,train,cotton,healthy,cotton_healthy
dataset/train/cotton/healthy/cotton_healthy_train_0089.jpg,train,cotton,healthy,cotton_healthy
dataset/train/cotton/healthy/cotton_healthy_train_0090.jpg,train,cotton,healthy,cotton_healthy
dataset/train/cotton/healthy/cotton_healthy_train_0091.jpg,train,cotton,healthy,cotton_healthy
dataset/train/cotton/healthy/cotton_healthy_train_0092.jpg,train,cotton,healthy,cotton_healthy
dataset/train/cotton/healthy/cotton_healthy_train_0093.jpg,train,cotton,healthy,cotton_healthy
dataset/train/cotton/healthy/cotton_healthy_train_0094.jpg,train,cotton,healthy,cotton_healthy
dataset/train/cotton/healthy/cotton_healthy_train_0095.jpg,train,cotton,healthy,cotton_healthy
dataset/train/cotton/healthy/cotton_healthy_train_0096.jpg,train,cotton,healthy,cotton_healthy
dataset/train/cotton/healthy/cotton_healthy_train_0097.jpg,train,cotton,healthy,cotton_healthy
dataset/train/cotton/healthy/cotton_healthy_train_0098.jpg,train,cotton,healthy,cotton_healthy
dataset/train/cotton/healthy/cotton_healthy_train_0099.jpg,train,cotton,healthy,cotton_healthy
dataset/train/cotton/healthy/cotton_healthy_train_0100.jpg,train,cotton,healthy,cotton_healthy
dataset/train/cotton/healthy/cotton_healthy_train_0101.jpg,train,cotton,healthy,cotton_healthy
dataset/train/cotton/healthy/cotton_healthy_train_0102.jpg,train,cotton,healthy,cotton_healthy
dataset/train/cotton/healthy/cotton_healthy_train_0103.jpg,train,cotton,healthy,cotton_healthy
dataset/train/cotton/healthy/cotton_healthy_train_0104.jpg,train,cotton,healthy,cotton_healthy
dataset/train/cotton/healthy/cotton_healthy_train_0105.jpg,train,cotton,healthy,cotton_healthy
dataset/val/cotton/healthy/cotton_healthy_val_0001.jpg,val,cotton,healthy,cotton_healthy
dataset/val/cotton/healthy/cotton_healthy_val_0002.jpg,val,cotton,healthy,cotton_healthy
dataset/val/cotton/healthy/cotton_healthy_val_0003.jpg,val,cotton,healthy,cotton_healthy
dataset/val/cotton/healthy/cotton_healthy_val_0004.jpg,val,cotton,healthy,cotton_healthy
dataset/val/cotton/healthy/cotton_healthy_val_0005.jpg,val,cotton,healthy,cotton_healthy
dataset/val/cotton/healthy/cotton_healthy_val_0006.jpg,val,cotton,healthy,cotton_healthy
dataset/val/cotton/healthy/cotton_healthy_val_0007.jpg,val,cotton,healthy,cotton_healthy
dataset/val/cotton/healthy/cotton_healthy_val_0008.jpg,val,cotton,healthy,cotton_healthy
dataset/val/cotton/healthy/cotton_healthy_val_0009.jpg,val,cotton,healthy,cotton_healthy
dataset/val/cotton/healthy/cotton_healthy_val_0010.jpg,val,cotton,healthy,cotton_healthy
dataset/val/cotton/healthy/cotton_healthy_val_0011.jpg,val,cotton,healthy,cotton_healthy
dataset/val/cotton/healthy/cotton_healthy_val_0012.jpg,val,cotton,healthy,cotton_healthy
dataset/val/cotton/healthy/cotton_healthy_val_0013.jpg,val,cotton,healthy,cotton_healthy
dataset/val/cotton/healthy/cotton_healthy_val_0014.jpg,val,cotton,healthy,cotton_healthy
dataset/val/cotton/healthy/cotton_healthy_val_0015.jpg,val,cotton,healthy,cotton_healthy
dataset/val/cotton/healthy/cotton_healthy_val_0016.jpg,val,cotton,healthy,cotton_healthy
dataset/val/cotton/healthy/cotton_healthy_val_0017.jpg,val,cotton,healthy,cotton_healthy
dataset/val/cotton/healthy/cotton_healthy_val_0018.jpg,val,cotton,healthy,cotton_healthy
dataset/val/cotton/healthy/cotton_healthy_val_0019.jpg,val,cotton,healthy,cotton_healthy
dataset/val/cotton/healthy/cotton_healthy_val_0020.jpg,val,cotton,healthy,cotton_healthy
dataset/val/cotton/healthy/cotton_healthy_val_0021.jpg,val,cotton,healthy,cotton_healthy
dataset/val/cotton/healthy/cotton_healthy_val_0022.jpg,val,cotton,healthy,cotton_healthy
dataset/test/cotton/healthy/cotton_healthy_test_0001.jpg,test,cotton,healthy,cotton_healthy
dataset/test/cotton/healthy/cotton_healthy_test_0002.jpg,test,cotton,healthy,cotton_healthy
dataset/test/cotton/healthy/cotton_healthy_test_0003.jpg,test,cotton,healthy,cotton_healthy
dataset/test/cotton/healthy/cotton_healthy_test_0004.jpg,test,cotton,healthy,cotton_healthy
dataset/test/cotton/healthy/cotton_healthy_test_0005.jpg,test,cotton,healthy,cotton_healthy
dataset/test/cotton/healthy/cotton_healthy_test_0006.jpg,test,cotton,healthy,cotton_healthy
dataset/test/cotton/healthy/cotton_healthy_test_0007.jpg,test,cotton,healthy,cotton_healthy
dataset/test/cotton/healthy/cotton_healthy_test_0008.jpg,test,cotton,healthy,cotton_healthy
dataset/test/cotton/healthy/cotton_healthy_test_0009.jpg,test,cotton,healthy,cotton_healthy
dataset/test/cotton/healthy/cotton_healthy_test_0010.jpg,test,cotton,healthy,cotton_healthy
dataset/test/cotton/healthy/cotton_healthy_test_0011.jpg,test,cotton,healthy,cotton_healthy
dataset/test/cotton/healthy/cotton_healthy_test_0012.jpg,test,cotton,healthy,cotton_healthy
dataset/test/cotton/healthy/cotton_healthy_test_0013.jpg,test,cotton,healthy,cotton_healthy
dataset/test/cotton/healthy/cotton_healthy_test_0014.jpg,test,cotton,healthy,cotton_healthy
dataset/test/cotton/healthy/cotton_healthy_test_0015.jpg,test,cotton,healthy,cotton_healthy
dataset/test/cotton/healthy/cotton_healthy_test_0016.jpg,test,cotton,healthy,cotton_healthy
dataset/test/cotton/healthy/cotton_healthy_test_0017.jpg,test,cotton,healthy,cotton_healthy
dataset/test/cotton/healthy/cotton_healthy_test_0018.jpg,test,cotton,healthy,cotton_healthy
dataset/test/cotton/healthy/cotton_healthy_test_0019.jpg,test,cotton,healthy,cotton_healthy
dataset/test/cotton/healthy/cotton_healthy_test_0020.jpg,test,cotton,healthy,cotton_healthy
dataset/test/cotton/healthy/cotton_healthy_test_0021.jpg,test,cotton,healthy,cotton_healthy
dataset/test/cotton/healthy/cotton_healthy_test_0022.jpg,test,cotton,healthy,cotton_healthy
dataset/test/cotton/healthy/cotton_healthy_test_0023.jpg,test,cotton,healthy,cotton_healthy
dataset/train/tomato/early_blight/tomato_early_blight_train_0001.jpg,train,tomato,early_blight,tomato_early_blight
dataset/train/tomato/early_blight/tomato_early_blight_train_0002.jpg,train,tomato,early_blight,tomato_early_blight
dataset/train/tomato/early_blight/tomato_early_blight_train_0003.jpg,train,tomato,early_blight,tomato_early_blight
dataset/train/tomato/early_blight/tomato_early_blight_train_0004.jpg,train,tomato,early_blight,tomato_early_blight
dataset/train/tomato/early_blight/tomato_early_blight_train_0005.jpg,train,tomato,early_blight,tomato_early_blight
dataset/train/tomato/early_blight/tomato_early_blight_train_0006.jpg,train,tomato,early_blight,tomato_early_blight
dataset/train/tomato/early_blight/tomato_early_blight_train_0007.jpg,train,tomato,early_blight,tomato_early_blight
dataset/train/tomato/early_blight/tomato_early_blight_train_0008.jpg,train,tomato,early_blight,tomato_early_blight
dataset/train/tomato/early_blight/tomato_early_blight_train_0009.jpg,train,tomato,early_blight,tomato_early_blight
dataset/train/tomato/early_blight/tomato_early_blight_train_0010.jpg,train,tomato,early_blight,tomato_early_blight
dataset/train/tomato/early_blight/tomato_early_blight_train_0011.jpg,train,tomato,early_blight,tomato_early_blight
dataset/train/tomato/early_blight/tomato_early_blight_train_0012.jpg,train,tomato,early_blight,tomato_early_blight
dataset/train/tomato/early_blight/tomato_early_blight_train_0013.jpg,train,tomato,early_blight,tomato_early_blight
dataset/train/tomato/early_blight/tomato_early_blight_train_0014.jpg,train,tomato,early_blight,tomato_early_blight
dataset/train/tomato/early_blight/tomato_early_blight_train_0015.jpg,train,tomato,early_blight,tomato_early_blight
dataset/train/tomato/early_blight/tomato_early_blight_train_0016.jpg,train,tomato,early_blight,tomato_early_blight
dataset/train/tomato/early_blight/tomato_early_blight_train_0017.jpg,train,tomato,early_blight,tomato_early_blight
dataset/train/tomato/early_blight/tomato_early_blight_train_0018.jpg,train,tomato,early_blight,tomato_early_blight
dataset/train/tomato/early_blight/tomato_early_blight_train_0019.jpg,train,tomato,early_blight,tomato_early_blight
dataset/train/tomato/early_blight/tomato_early_blight_train_0020.jpg,train,tomato,early_blight,tomato_early_blight
dataset/train/tomato/early_blight/tomato_early_blight_train_0021.jpg,train,tomato,early_blight,tomato_early_blight
dataset/train/tomato/early_blight/tomato_early_blight_train_0022.jpg,train,tomato,early_blight,tomato_early_blight
dataset/train/tomato/early_blight/tomato_early_blight_train_0023.jpg,train,tomato,early_blight,tomato_early_blight
dataset/train/tomato/early_blight/tomato_early_blight_train_0024.jpg,train,tomato,early_blight,tomato_early_blight
dataset/train/tomato/early_blight/tomato_early_blight_train_0025.jpg,train,tomato,early_blight,tomato_early_blight
dataset/train/tomato/early_blight/tomato_early_blight_train_0026.jpg,train,tomato,early_blight,tomato_early_blight
dataset/train/tomato/early_blight/tomato_early_blight_train_0027.jpg,train,tomato,early_blight,tomato_early_blight
dataset/train/tomato/early_blight/tomato_early_blight_train_0028.jpg,train,tomato,early_blight,tomato_early_blight
dataset/train/tomato/early_blight/tomato_early_blight_train_0029.jpg,train,tomato,early_blight,tomato_early_blight
dataset/train/tomato/early_blight/tomato_early_blight_train_0030.jpg,train,tomato,early_blight,tomato_early_blight
dataset/train/tomato/early_blight/tomato_early_blight_train_0031.jpg,train,tomato,early_blight,tomato_early_blight
dataset/train/tomato/early_blight/tomato_early_blight_train_0032.jpg,train,tomato,early_blight,tomato_early_blight
dataset/train/tomato/early_blight/tomato_early_blight_train_0033.jpg,train,tomato,early_blight,tomato_early_blight
dataset/train/tomato/early_blight/tomato_early_blight_train_0034.jpg,train,tomato,early_blight,tomato_early_blight
dataset/train/tomato/early_blight/tomato_early_blight_train_0035.jpg,train,tomato,early_blight,tomato_early_blight
dataset/train/tomato/early_blight/tomato_early_blight_train_0036.jpg,train,tomato,early_blight,tomato_early_blight
dataset/train/tomato/early_blight/tomato_early_blight_train_0037.jpg,train,tomato,early_blight,tomato_early_blight
dataset/train/tomato/early_blight/tomato_early_blight_train_0038.jpg,train,tomato,early_blight,tomato_early_blight
dataset/train/tomato/early_blight/tomato_early_blight_train_0039.jpg,train,tomato,early_blight,tomato_early_blight
dataset/train/tomato/early_blight/tomato_early_blight_train_0040.jpg,train,tomato,early_blight,tomato_early_blight
dataset/train/tomato/early_blight/tomato_early_blight_train_0041.jpg,train,tomato,early_blight,tomato_early_blight
dataset/train/tomato/early_blight/tomato_early_blight_train_0042.jpg,train,tomato,early_blight,tomato_early_blight
dataset/train/tomato/early_blight/tomato_early_blight_train_0043.jpg,train,tomato,early_blight,tomato_early_blight
dataset/train/tomato/early_blight/tomato_early_blight_train_0044.jpg,train,tomato,early_blight,tomato_early_blight
dataset/train/tomato/early_blight/tomato_early_blight_train_0045.jpg,train,tomato,early_blight,tomato_early_blight
dataset/train/tomato/early_blight/tomato_early_blight_train_0046.jpg,train,tomato,early_blight,tomato_early_blight
dataset/train/tomato/early_blight/tomato_early_blight_train_0047.jpg,train,tomato,early_blight,tomato_early_blight
dataset/train/tomato/early_blight/tomato_early_blight_train_0048.jpg,train,tomato,early_blight,tomato_early_blight
dataset/train/tomato/early_blight/tomato_early_blight_train_0049.jpg,train,tomato,early_blight,tomato_early_blight
dataset/train/tomato/early_blight/tomato_early_blight_train_0050.jpg,train,tomato,early_blight,tomato_early_blight
dataset/train/tomato/early_blight/tomato_early_blight_train_0051.jpg,train,tomato,early_blight,tomato_early_blight
dataset/train/tomato/early_blight/tomato_early_blight_train_0052.jpg,train,tomato,early_blight,tomato_early_blight
dataset/train/tomato/early_blight/tomato_early_blight_train_0053.jpg,train,tomato,early_blight,tomato_early_blight
dataset/train/tomato/early_blight/tomato_early_blight_train_0054.jpg,train,tomato,early_blight,tomato_early_blight
dataset/train/tomato/early_blight/tomato_early_blight_train_0055.jpg,train,tomato,early_blight,tomato_early_blight
dataset/train/tomato/early_blight/tomato_early_blight_train_0056.jpg,train,tomato,early_blight,tomato_early_blight
dataset/train/tomato/early_blight/tomato_early_blight_train_0057.jpg,train,tomato,early_blight,tomato_early_blight
dataset/train/tomato/early_blight/tomato_early_blight_train_0058.jpg,train,tomato,early_blight,tomato_early_blight
dataset/train/tomato/early_blight/tomato_early_blight_train_0059.jpg,train,tomato,early_blight,tomato_early_blight
dataset/train/tomato/early_blight/tomato_early_blight_train_0060.jpg,train,tomato,early_blight,tomato_early_blight
dataset/train/tomato/early_blight/tomato_early_blight_train_0061.jpg,train,tomato,early_blight,tomato_early_blight
dataset/train/tomato/early_blight/tomato_early_blight_train_0062.jpg,train,tomato,early_blight,tomato_early_blight
dataset/train/tomato/early_blight/tomato_early_blight_train_0063.jpg,train,tomato,early_blight,tomato_early_blight
dataset/train/tomato/early_blight/tomato_early_blight_train_0064.jpg,train,tomato,early_blight,tomato_early_blight
dataset/train/tomato/early_blight/tomato_early_blight_train_0065.jpg,train,tomato,early_blight,tomato_early_blight
dataset/train/tomato/early_blight/tomato_early_blight_train_0066.jpg,train,tomato,early_blight,tomato_early_blight
dataset/train/tomato/early_blight/tomato_early_blight_train_0067.jpg,train,tomato,early_blight,tomato_early_blight
dataset/train/tomato/early_blight/tomato_early_blight_train_0068.jpg,train,tomato,early_blight,tomato_early_blight
dataset/train/tomato/early_blight/tomato_early_blight_train_0069.jpg,train,tomato,early_blight,tomato_early_blight
dataset/train/tomato/early_blight/tomato_early_blight_train_0070.jpg,train,tomato,early_blight,tomato_early_blight
dataset/train/tomato/early_blight/tomato_early_blight_train_0071.jpg,train,tomato,early_blight,tomato_early_blight
dataset/train/tomato/early_blight/tomato_early_blight_train_0072.jpg,train,tomato,early_blight,tomato_early_blight
dataset/train/tomato/early_blight/tomato_early_blight_train_0073.jpg,train,tomato,early_blight,tomato_early_blight
dataset/train/tomato/early_blight/tomato_early_blight_train_0074.jpg,train,tomato,early_blight,tomato_early_blight
dataset/train/tomato/early_blight/tomato_early_blight_train_0075.jpg,train,tomato,early_blight,tomato_early_blight
dataset/train/tomato/early_blight/tomato_early_blight_train_0076.jpg,train,tomato,early_blight,tomato_early_blight
dataset/train/tomato/early_blight/tomato_early_blight_train_0077.jpg,train,tomato,early_blight,tomato_early_blight
dataset/train/tomato/early_blight/tomato_early_blight_train_0078.jpg,train,tomato,early_blight,tomato_early_blight
dataset/train/tomato/early_blight/tomato_early_blight_train_0079.jpg,train,tomato,early_blight,tomato_early_blight
dataset/train/tomato/early_blight/tomato_early_blight_train_0080.jpg,train,tomato,early_blight,tomato_early_blight
dataset/train/tomato/early_blight/tomato_early_blight_train_0081.jpg,train,tomato,early_blight,tomato_early_blight
dataset/train/tomato/early_blight/tomato_early_blight_train_0082.jpg,train,tomato,early_blight,tomato_early_blight
dataset/train/tomato/early_blight/tomato_early_blight_train_0083.jpg,train,tomato,early_blight,tomato_early_blight
dataset/train/tomato/early_blight/tomato_early_blight_train_0084.jpg,train,tomato,early_blight,tomato_early_blight
dataset/train/tomato/early_blight/tomato_early_blight_train_0085.jpg,train,tomato,early_blight,tomato_early_blight
dataset/train/tomato/early_blight/tomato_early_blight_train_0086.jpg,train,tomato,early_blight,tomato_early_blight
dataset/train/tomato/early_blight/tomato_early_blight_train_0087.jpg,train,tomato,early_blight,tomato_early_blight
dataset/train/tomato/early_blight/tomato_early_blight_train_0088.jpg,train,tomato,early_blight,tomato_early_blight
dataset/train/tomato/early_blight/tomato_early_blight_train_0089.jpg,train,tomato,early_blight,tomato_early_blight
dataset/train/tomato/early_blight/tomato_early_blight_train_0090.jpg,train,tomato,early_blight,tomato_early_blight
dataset/train/tomato/early_blight/tomato_early_blight_train_0091.jpg,train,tomato,early_blight,tomato_early_blight
dataset/train/tomato/early_blight/tomato_early_blight_train_0092.jpg,train,tomato,early_blight,tomato_early_blight
dataset/train/tomato/early_blight/tomato_early_blight_train_0093.jpg,train,tomato,early_blight,tomato_early_blight
dataset/train/tomato/early_blight/tomato_early_blight_train_0094.jpg,train,tomato,early_blight,tomato_early_blight
dataset/train/tomato/early_blight/tomato_early_blight_train_0095.jpg,train,tomato,early_blight,tomato_early_blight
dataset/train/tomato/early_blight/tomato_early_blight_train_0096.jpg,train,tomato,early_blight,tomato_early_blight
dataset/train/tomato/early_blight/tomato_early_blight_train_0097.jpg,train,tomato,early_blight,tomato_early_blight
dataset/train/tomato/early_blight/tomato_early_blight_train_0098.jpg,train,tomato,early_blight,tomato_early_blight
dataset/train/tomato/early_blight/tomato_early_blight_train_0099.jpg,train,tomato,early_blight,tomato_early_blight
dataset/train/tomato/early_blight/tomato_early_blight_train_0100.jpg,train,tomato,early_blight,tomato_early_blight
dataset/train/tomato/early_blight/tomato_early_blight_train_0101.jpg,train,tomato,early_blight,tomato_early_blight
dataset/train/tomato/early_blight/tomato_early_blight_train_0102.jpg,train,tomato,early_blight,tomato_early_blight
dataset/train/tomato/early_blight/tomato_early_blight_train_0103.jpg,train,tomato,early_blight,tomato_early_blight
dataset/train/tomato/early_blight/tomato_early_blight_train_0104.jpg,train,tomato,early_blight,tomato_early_blight
dataset/train/tomato/early_blight/tomato_early_blight_train_0105.jpg,train,tomato,early_blight,tomato_early_blight
dataset/val/tomato/early_blight/tomato_early_blight_val_0001.jpg,val,tomato,early_blight,tomato_early_blight
dataset/val/tomato/early_blight/tomato_early_blight_val_0002.jpg,val,tomato,early_blight,tomato_early_blight
dataset/val/tomato/early_blight/tomato_early_blight_val_0003.jpg,val,tomato,early_blight,tomato_early_blight
dataset/val/tomato/early_blight/tomato_early_blight_val_0004.jpg,val,tomato,early_blight,tomato_early_blight
dataset/val/tomato/early_blight/tomato_early_blight_val_0005.jpg,val,tomato,early_blight,tomato_early_blight
dataset/val/tomato/early_blight/tomato_early_blight_val_0006.jpg,val,tomato,early_blight,tomato_early_blight
dataset/val/tomato/early_blight/tomato_early_blight_val_0007.jpg,val,tomato,early_blight,tomato_early_blight
dataset/val/tomato/early_blight/tomato_early_blight_val_0008.jpg,val,tomato,early_blight,tomato_early_blight
dataset/val/tomato/early_blight/tomato_early_blight_val_0009.jpg,val,tomato,early_blight,tomato_early_blight
dataset/val/tomato/early_blight/tomato_early_blight_val_0010.jpg,val,tomato,early_blight,tomato_early_blight
dataset/val/tomato/early_blight/tomato_early_blight_val_0011.jpg,val,tomato,early_blight,tomato_early_blight
dataset/val/tomato/early_blight/tomato_early_blight_val_0012.jpg,val,tomato,early_blight,tomato_early_blight
dataset/val/tomato/early_blight/tomato_early_blight_val_0013.jpg,val,tomato,early_blight,tomato_early_blight
dataset/val/tomato/early_blight/tomato_early_blight_val_0014.jpg,val,tomato,early_blight,tomato_early_blight
dataset/val/tomato/early_blight/tomato_early_blight_val_0015.jpg,val,tomato,early_blight,tomato_early_blight
dataset/val/tomato/early_blight/tomato_early_blight_val_0016.jpg,val,tomato,early_blight,tomato_early_blight
dataset/val/tomato/early_blight/tomato_early_blight_val_0017.jpg,val,tomato,early_blight,tomato_early_blight
dataset/val/tomato/early_blight/tomato_early_blight_val_0018.jpg,val,tomato,early_blight,tomato_early_blight
dataset/val/tomato/early_blight/tomato_early_blight_val_0019.jpg,val,tomato,early_blight,tomato_early_blight
dataset/val/tomato/early_blight/tomato_early_blight_val_0020.jpg,val,tomato,early_blight,tomato_early_blight
dataset/val/tomato/early_blight/tomato_early_blight_val_0021.jpg,val,tomato,early_blight,tomato_early_blight
dataset/val/tomato/early_blight/tomato_early_blight_val_0022.jpg,val,tomato,early_blight,tomato_early_blight
dataset/test/tomato/early_blight/tomato_early_blight_test_0001.jpg,test,tomato,early_blight,tomato_early_blight
dataset/test/tomato/early_blight/tomato_early_blight_test_0002.jpg,test,tomato,early_blight,tomato_early_blight
dataset/test/tomato/early_blight/tomato_early_blight_test_0003.jpg,test,tomato,early_blight,tomato_early_blight
dataset/test/tomato/early_blight/tomato_early_blight_test_0004.jpg,test,tomato,early_blight,tomato_early_blight
dataset/test/tomato/early_blight/tomato_early_blight_test_0005.jpg,test,tomato,early_blight,tomato_early_blight
dataset/test/tomato/early_blight/tomato_early_blight_test_0006.jpg,test,tomato,early_blight,tomato_early_blight
dataset/test/tomato/early_blight/tomato_early_blight_test_0007.jpg,test,tomato,early_blight,tomato_early_blight
dataset/test/tomato/early_blight/tomato_early_blight_test_0008.jpg,test,tomato,early_blight,tomato_early_blight
dataset/test/tomato/early_blight/tomato_early_blight_test_0009.jpg,test,tomato,early_blight,tomato_early_blight
dataset/test/tomato/early_blight/tomato_early_blight_test_0010.jpg,test,tomato,early_blight,tomato_early_blight
dataset/test/tomato/early_blight/tomato_early_blight_test_0011.jpg,test,tomato,early_blight,tomato_early_blight
dataset/test/tomato/early_blight/tomato_early_blight_test_0012.jpg,test,tomato,early_blight,tomato_early_blight
dataset/test/tomato/early_blight/tomato_early_blight_test_0013.jpg,test,tomato,early_blight,tomato_early_blight
dataset/test/tomato/early_blight/tomato_early_blight_test_0014.jpg,test,tomato,early_blight,tomato_early_blight
dataset/test/tomato/early_blight/tomato_early_blight_test_0015.jpg,test,tomato,early_blight,tomato_early_blight
dataset/test/tomato/early_blight/tomato_early_blight_test_0016.jpg,test,tomato,early_blight,tomato_early_blight
dataset/test/tomato/early_blight/tomato_early_blight_test_0017.jpg,test,tomato,early_blight,tomato_early_blight
dataset/test/tomato/early_blight/tomato_early_blight_test_0018.jpg,test,tomato,early_blight,tomato_early_blight
dataset/test/tomato/early_blight/tomato_early_blight_test_0019.jpg,test,tomato,early_blight,tomato_early_blight
dataset/test/tomato/early_blight/tomato_early_blight_test_0020.jpg,test,tomato,early_blight,tomato_early_blight
dataset/test/tomato/early_blight/tomato_early_blight_test_0021.jpg,test,tomato,early_blight,tomato_early_blight
dataset/test/tomato/early_blight/tomato_early_blight_test_0022.jpg,test,tomato,early_blight,tomato_early_blight
dataset/test/tomato/early_blight/tomato_early_blight_test_0023.jpg,test,tomato,early_blight,tomato_early_blight
dataset/train/tomato/late_blight/tomato_late_blight_train_0001.jpg,train,tomato,late_blight,tomato_late_blight
dataset/train/tomato/late_blight/tomato_late_blight_train_0002.jpg,train,tomato,late_blight,tomato_late_blight
dataset/train/tomato/late_blight/tomato_late_blight_train_0003.jpg,train,tomato,late_blight,tomato_late_blight
dataset/train/tomato/late_blight/tomato_late_blight_train_0004.jpg,train,tomato,late_blight,tomato_late_blight
dataset/train/tomato/late_blight/tomato_late_blight_train_0005.jpg,train,tomato,late_blight,tomato_late_blight
dataset/train/tomato/late_blight/tomato_late_blight_train_0006.jpg,train,tomato,late_blight,tomato_late_blight
dataset/train/tomato/late_blight/tomato_late_blight_train_0007.jpg,train,tomato,late_blight,tomato_late_blight
dataset/train/tomato/late_blight/tomato_late_blight_train_0008.jpg,train,tomato,late_blight,tomato_late_blight
dataset/train/tomato/late_blight/tomato_late_blight_train_0009.jpg,train,tomato,late_blight,tomato_late_blight
dataset/train/tomato/late_blight/tomato_late_blight_train_0010.jpg,train,tomato,late_blight,tomato_late_blight
dataset/train/tomato/late_blight/tomato_late_blight_train_0011.jpg,train,tomato,late_blight,tomato_late_blight
dataset/train/tomato/late_blight/tomato_late_blight_train_0012.jpg,train,tomato,late_blight,tomato_late_blight
dataset/train/tomato/late_blight/tomato_late_blight_train_0013.jpg,train,tomato,late_blight,tomato_late_blight
dataset/train/tomato/late_blight/tomato_late_blight_train_0014.jpg,train,tomato,late_blight,tomato_late_blight
dataset/train/tomato/late_blight/tomato_late_blight_train_0015.jpg,train,tomato,late_blight,tomato_late_blight
dataset/train/tomato/late_blight/tomato_late_blight_train_0016.jpg,train,tomato,late_blight,tomato_late_blight
dataset/train/tomato/late_blight/tomato_late_blight_train_0017.jpg,train,tomato,late_blight,tomato_late_blight
dataset/train/tomato/late_blight/tomato_late_blight_train_0018.jpg,train,tomato,late_blight,tomato_late_blight
dataset/train/tomato/late_blight/tomato_late_blight_train_0019.jpg,train,tomato,late_blight,tomato_late_blight
dataset/train/tomato/late_blight/tomato_late_blight_train_0020.jpg,train,tomato,late_blight,tomato_late_blight
dataset/train/tomato/late_blight/tomato_late_blight_train_0021.jpg,train,tomato,late_blight,tomato_late_blight
dataset/train/tomato/late_blight/tomato_late_blight_train_0022.jpg,train,tomato,late_blight,tomato_late_blight
dataset/train/tomato/late_blight/tomato_late_blight_train_0023.jpg,train,tomato,late_blight,tomato_late_blight
dataset/train/tomato/late_blight/tomato_late_blight_train_0024.jpg,train,tomato,late_blight,tomato_late_blight
dataset/train/tomato/late_blight/tomato_late_blight_train_0025.jpg,train,tomato,late_blight,tomato_late_blight
dataset/train/tomato/late_blight/tomato_late_blight_train_0026.jpg,train,tomato,late_blight,tomato_late_blight
dataset/train/tomato/late_blight/tomato_late_blight_train_0027.jpg,train,tomato,late_blight,tomato_late_blight
dataset/train/tomato/late_blight/tomato_late_blight_train_0028.jpg,train,tomato,late_blight,tomato_late_blight
dataset/train/tomato/late_blight/tomato_late_blight_train_0029.jpg,train,tomato,late_blight,tomato_late_blight
dataset/train/tomato/late_blight/tomato_late_blight_train_0030.jpg,train,tomato,late_blight,tomato_late_blight
dataset/train/tomato/late_blight/tomato_late_blight_train_0031.jpg,train,tomato,late_blight,tomato_late_blight
dataset/train/tomato/late_blight/tomato_late_blight_train_0032.jpg,train,tomato,late_blight,tomato_late_blight
dataset/train/tomato/late_blight/tomato_late_blight_train_0033.jpg,train,tomato,late_blight,tomato_late_blight
dataset/train/tomato/late_blight/tomato_late_blight_train_0034.jpg,train,tomato,late_blight,tomato_late_blight
dataset/train/tomato/late_blight/tomato_late_blight_train_0035.jpg,train,tomato,late_blight,tomato_late_blight
dataset/train/tomato/late_blight/tomato_late_blight_train_0036.jpg,train,tomato,late_blight,tomato_late_blight
dataset/train/tomato/late_blight/tomato_late_blight_train_0037.jpg,train,tomato,late_blight,tomato_late_blight
dataset/train/tomato/late_blight/tomato_late_blight_train_0038.jpg,train,tomato,late_blight,tomato_late_blight
dataset/train/tomato/late_blight/tomato_late_blight_train_0039.jpg,train,tomato,late_blight,tomato_late_blight
dataset/train/tomato/late_blight/tomato_late_blight_train_0040.jpg,train,tomato,late_blight,tomato_late_blight
dataset/train/tomato/late_blight/tomato_late_blight_train_0041.jpg,train,tomato,late_blight,tomato_late_blight
dataset/train/tomato/late_blight/tomato_late_blight_train_0042.jpg,train,tomato,late_blight,tomato_late_blight
dataset/train/tomato/late_blight/tomato_late_blight_train_0043.jpg,train,tomato,late_blight,tomato_late_blight
dataset/train/tomato/late_blight/tomato_late_blight_train_0044.jpg,train,tomato,late_blight,tomato_late_blight
dataset/train/tomato/late_blight/tomato_late_blight_train_0045.jpg,train,tomato,late_blight,tomato_late_blight
dataset/train/tomato/late_blight/tomato_late_blight_train_0046.jpg,train,tomato,late_blight,tomato_late_blight
dataset/train/tomato/late_blight/tomato_late_blight_train_0047.jpg,train,tomato,late_blight,tomato_late_blight
dataset/train/tomato/late_blight/tomato_late_blight_train_0048.jpg,train,tomato,late_blight,tomato_late_blight
dataset/train/tomato/late_blight/tomato_late_blight_train_0049.jpg,train,tomato,late_blight,tomato_late_blight
dataset/train/tomato/late_blight/tomato_late_blight_train_0050.jpg,train,tomato,late_blight,tomato_late_blight
dataset/train/tomato/late_blight/tomato_late_blight_train_0051.jpg,train,tomato,late_blight,tomato_late_blight
dataset/train/tomato/late_blight/tomato_late_blight_train_0052.jpg,train,tomato,late_blight,tomato_late_blight
dataset/train/tomato/late_blight/tomato_late_blight_train_0053.jpg,train,tomato,late_blight,tomato_late_blight
dataset/train/tomato/late_blight/tomato_late_blight_train_0054.jpg,train,tomato,late_blight,tomato_late_blight
dataset/train/tomato/late_blight/tomato_late_blight_train_0055.jpg,train,tomato,late_blight,tomato_late_blight
dataset/train/tomato/late_blight/tomato_late_blight_train_0056.jpg,train,tomato,late_blight,tomato_late_blight
dataset/train/tomato/late_blight/tomato_late_blight_train_0057.jpg,train,tomato,late_blight,tomato_late_blight
dataset/train/tomato/late_blight/tomato_late_blight_train_0058.jpg,train,tomato,late_blight,tomato_late_blight
dataset/train/tomato/late_blight/tomato_late_blight_train_0059.jpg,train,tomato,late_blight,tomato_late_blight
dataset/train/tomato/late_blight/tomato_late_blight_train_0060.jpg,train,tomato,late_blight,tomato_late_blight
dataset/train/tomato/late_blight/tomato_late_blight_train_0061.jpg,train,tomato,late_blight,tomato_late_blight
dataset/train/tomato/late_blight/tomato_late_blight_train_0062.jpg,train,tomato,late_blight,tomato_late_blight
dataset/train/tomato/late_blight/tomato_late_blight_train_0063.jpg,train,tomato,late_blight,tomato_late_blight
dataset/train/tomato/late_blight/tomato_late_blight_train_0064.jpg,train,tomato,late_blight,tomato_late_blight
dataset/train/tomato/late_blight/tomato_late_blight_train_0065.jpg,train,tomato,late_blight,tomato_late_blight
dataset/train/tomato/late_blight/tomato_late_blight_train_0066.jpg,train,tomato,late_blight,tomato_late_blight
dataset/train/tomato/late_blight/tomato_late_blight_train_0067.jpg,train,tomato,late_blight,tomato_late_blight
dataset/train/tomato/late_blight/tomato_late_blight_train_0068.jpg,train,tomato,late_blight,tomato_late_blight
dataset/train/tomato/late_blight/tomato_late_blight_train_0069.jpg,train,tomato,late_blight,tomato_late_blight
dataset/train/tomato/late_blight/tomato_late_blight_train_0070.jpg,train,tomato,late_blight,tomato_late_blight
dataset/train/tomato/late_blight/tomato_late_blight_train_0071.jpg,train,tomato,late_blight,tomato_late_blight
dataset/train/tomato/late_blight/tomato_late_blight_train_0072.jpg,train,tomato,late_blight,tomato_late_blight
dataset/train/tomato/late_blight/tomato_late_blight_train_0073.jpg,train,tomato,late_blight,tomato_late_blight
dataset/train/tomato/late_blight/tomato_late_blight_train_0074.jpg,train,tomato,late_blight,tomato_late_blight
dataset/train/tomato/late_blight/tomato_late_blight_train_0075.jpg,train,tomato,late_blight,tomato_late_blight
dataset/train/tomato/late_blight/tomato_late_blight_train_0076.jpg,train,tomato,late_blight,tomato_late_blight
dataset/train/tomato/late_blight/tomato_late_blight_train_0077.jpg,train,tomato,late_blight,tomato_late_blight
dataset/train/tomato/late_blight/tomato_late_blight_train_0078.jpg,train,tomato,late_blight,tomato_late_blight
dataset/train/tomato/late_blight/tomato_late_blight_train_0079.jpg,train,tomato,late_blight,tomato_late_blight
dataset/train/tomato/late_blight/tomato_late_blight_train_0080.jpg,train,tomato,late_blight,tomato_late_blight
dataset/train/tomato/late_blight/tomato_late_blight_train_0081.jpg,train,tomato,late_blight,tomato_late_blight
dataset/train/tomato/late_blight/tomato_late_blight_train_0082.jpg,train,tomato,late_blight,tomato_late_blight
dataset/train/tomato/late_blight/tomato_late_blight_train_0083.jpg,train,tomato,late_blight,tomato_late_blight
dataset/train/tomato/late_blight/tomato_late_blight_train_0084.jpg,train,tomato,late_blight,tomato_late_blight
dataset/train/tomato/late_blight/tomato_late_blight_train_0085.jpg,train,tomato,late_blight,tomato_late_blight
dataset/train/tomato/late_blight/tomato_late_blight_train_0086.jpg,train,tomato,late_blight,tomato_late_blight
dataset/train/tomato/late_blight/tomato_late_blight_train_0087.jpg,train,tomato,late_blight,tomato_late_blight
dataset/train/tomato/late_blight/tomato_late_blight_train_0088.jpg,train,tomato,late_blight,tomato_late_blight
dataset/train/tomato/late_blight/tomato_late_blight_train_0089.jpg,train,tomato,late_blight,tomato_late_blight
dataset/train/tomato/late_blight/tomato_late_blight_train_0090.jpg,train,tomato,late_blight,tomato_late_blight
dataset/train/tomato/late_blight/tomato_late_blight_train_0091.jpg,train,tomato,late_blight,tomato_late_blight
dataset/train/tomato/late_blight/tomato_late_blight_train_0092.jpg,train,tomato,late_blight,tomato_late_blight
dataset/train/tomato/late_blight/tomato_late_blight_train_0093.jpg,train,tomato,late_blight,tomato_late_blight
dataset/train/tomato/late_blight/tomato_late_blight_train_0094.jpg,train,tomato,late_blight,tomato_late_blight
dataset/train/tomato/late_blight/tomato_late_blight_train_0095.jpg,train,tomato,late_blight,tomato_late_blight
dataset/train/tomato/late_blight/tomato_late_blight_train_0096.jpg,train,tomato,late_blight,tomato_late_blight
dataset/train/tomato/late_blight/tomato_late_blight_train_0097.jpg,train,tomato,late_blight,tomato_late_blight
dataset/train/tomato/late_blight/tomato_late_blight_train_0098.jpg,train,tomato,late_blight,tomato_late_blight
dataset/train/tomato/late_blight/tomato_late_blight_train_0099.jpg,train,tomato,late_blight,tomato_late_blight
dataset/train/tomato/late_blight/tomato_late_blight_train_0100.jpg,train,tomato,late_blight,tomato_late_blight
dataset/train/tomato/late_blight/tomato_late_blight_train_0101.jpg,train,tomato,late_blight,tomato_late_blight
dataset/train/tomato/late_blight/tomato_late_blight_train_0102.jpg,train,tomato,late_blight,tomato_late_blight
dataset/train/tomato/late_blight/tomato_late_blight_train_0103.jpg,train,tomato,late_blight,tomato_late_blight
dataset/train/tomato/late_blight/tomato_late_blight_train_0104.jpg,train,tomato,late_blight,tomato_late_blight
dataset/train/tomato/late_blight/tomato_late_blight_train_0105.jpg,train,tomato,late_blight,tomato_late_blight
dataset/val/tomato/late_blight/tomato_late_blight_val_0001.jpg,val,tomato,late_blight,tomato_late_blight
dataset/val/tomato/late_blight/tomato_late_blight_val_0002.jpg,val,tomato,late_blight,tomato_late_blight
dataset/val/tomato/late_blight/tomato_late_blight_val_0003.jpg,val,tomato,late_blight,tomato_late_blight
dataset/val/tomato/late_blight/tomato_late_blight_val_0004.jpg,val,tomato,late_blight,tomato_late_blight
dataset/val/tomato/late_blight/tomato_late_blight_val_0005.jpg,val,tomato,late_blight,tomato_late_blight
dataset/val/tomato/late_blight/tomato_late_blight_val_0006.jpg,val,tomato,late_blight,tomato_late_blight
dataset/val/tomato/late_blight/tomato_late_blight_val_0007.jpg,val,tomato,late_blight,tomato_late_blight
dataset/val/tomato/late_blight/tomato_late_blight_val_0008.jpg,val,tomato,late_blight,tomato_late_blight
dataset/val/tomato/late_blight/tomato_late_blight_val_0009.jpg,val,tomato,late_blight,tomato_late_blight
dataset/val/tomato/late_blight/tomato_late_blight_val_0010.jpg,val,tomato,late_blight,tomato_late_blight
dataset/val/tomato/late_blight/tomato_late_blight_val_0011.jpg,val,tomato,late_blight,tomato_late_blight
dataset/val/tomato/late_blight/tomato_late_blight_val_0012.jpg,val,tomato,late_blight,tomato_late_blight
dataset/val/tomato/late_blight/tomato_late_blight_val_0013.jpg,val,tomato,late_blight,tomato_late_blight
dataset/val/tomato/late_blight/tomato_late_blight_val_0014.jpg,val,tomato,late_blight,tomato_late_blight
dataset/val/tomato/late_blight/tomato_late_blight_val_0015.jpg,val,tomato,late_blight,tomato_late_blight
dataset/val/tomato/late_blight/tomato_late_blight_val_0016.jpg,val,tomato,late_blight,tomato_late_blight
dataset/val/tomato/late_blight/tomato_late_blight_val_0017.jpg,val,tomato,late_blight,tomato_late_blight
dataset/val/tomato/late_blight/tomato_late_blight_val_0018.jpg,val,tomato,late_blight,tomato_late_blight
dataset/val/tomato/late_blight/tomato_late_blight_val_0019.jpg,val,tomato,late_blight,tomato_late_blight
dataset/val/tomato/late_blight/tomato_late_blight_val_0020.jpg,val,tomato,late_blight,tomato_late_blight
dataset/val/tomato/late_blight/tomato_late_blight_val_0021.jpg,val,tomato,late_blight,tomato_late_blight
dataset/val/tomato/late_blight/tomato_late_blight_val_0022.jpg,val,tomato,late_blight,tomato_late_blight
dataset/test/tomato/late_blight/tomato_late_blight_test_0001.jpg,test,tomato,late_blight,tomato_late_blight
dataset/test/tomato/late_blight/tomato_late_blight_test_0002.jpg,test,tomato,late_blight,tomato_late_blight
dataset/test/tomato/late_blight/tomato_late_blight_test_0003.jpg,test,tomato,late_blight,tomato_late_blight
dataset/test/tomato/late_blight/tomato_late_blight_test_0004.jpg,test,tomato,late_blight,tomato_late_blight
dataset/test/tomato/late_blight/tomato_late_blight_test_0005.jpg,test,tomato,late_blight,tomato_late_blight
dataset/test/tomato/late_blight/tomato_late_blight_test_0006.jpg,test,tomato,late_blight,tomato_late_blight
dataset/test/tomato/late_blight/tomato_late_blight_test_0007.jpg,test,tomato,late_blight,tomato_late_blight
dataset/test/tomato/late_blight/tomato_late_blight_test_0008.jpg,test,tomato,late_blight,tomato_late_blight
dataset/test/tomato/late_blight/tomato_late_blight_test_0009.jpg,test,tomato,late_blight,tomato_late_blight
dataset/test/tomato/late_blight/tomato_late_blight_test_0010.jpg,test,tomato,late_blight,tomato_late_blight
dataset/test/tomato/late_blight/tomato_late_blight_test_0011.jpg,test,tomato,late_blight,tomato_late_blight
dataset/test/tomato/late_blight/tomato_late_blight_test_0012.jpg,test,tomato,late_blight,tomato_late_blight
dataset/test/tomato/late_blight/tomato_late_blight_test_0013.jpg,test,tomato,late_blight,tomato_late_blight
dataset/test/tomato/late_blight/tomato_late_blight_test_0014.jpg,test,tomato,late_blight,tomato_late_blight
dataset/test/tomato/late_blight/tomato_late_blight_test_0015.jpg,test,tomato,late_blight,tomato_late_blight
dataset/test/tomato/late_blight/tomato_late_blight_test_0016.jpg,test,tomato,late_blight,tomato_late_blight
dataset/test/tomato/late_blight/tomato_late_blight_test_0017.jpg,test,tomato,late_blight,tomato_late_blight
dataset/test/tomato/late_blight/tomato_late_blight_test_0018.jpg,test,tomato,late_blight,tomato_late_blight
dataset/test/tomato/late_blight/tomato_late_blight_test_0019.jpg,test,tomato,late_blight,tomato_late_blight
dataset/test/tomato/late_blight/tomato_late_blight_test_0020.jpg,test,tomato,late_blight,tomato_late_blight
dataset/test/tomato/late_blight/tomato_late_blight_test_0021.jpg,test,tomato,late_blight,tomato_late_blight
dataset/test/tomato/late_blight/tomato_late_blight_test_0022.jpg,test,tomato,late_blight,tomato_late_blight
dataset/test/tomato/late_blight/tomato_late_blight_test_0023.jpg,test,tomato,late_blight,tomato_late_blight
dataset/train/tomato/leaf_curl/tomato_leaf_curl_train_0001.jpg,train,tomato,leaf_curl,tomato_leaf_curl
dataset/train/tomato/leaf_curl/tomato_leaf_curl_train_0002.jpg,train,tomato,leaf_curl,tomato_leaf_curl
dataset/train/tomato/leaf_curl/tomato_leaf_curl_train_0003.jpg,train,tomato,leaf_curl,tomato_leaf_curl
dataset/train/tomato/leaf_curl/tomato_leaf_curl_train_0004.jpg,train,tomato,leaf_curl,tomato_leaf_curl
dataset/train/tomato/leaf_curl/tomato_leaf_curl_train_0005.jpg,train,tomato,leaf_curl,tomato_leaf_curl
dataset/train/tomato/leaf_curl/tomato_leaf_curl_train_0006.jpg,train,tomato,leaf_curl,tomato_leaf_curl
dataset/train/tomato/leaf_curl/tomato_leaf_curl_train_0007.jpg,train,tomato,leaf_curl,tomato_leaf_curl
dataset/train/tomato/leaf_curl/tomato_leaf_curl_train_0008.jpg,train,tomato,leaf_curl,tomato_leaf_curl
dataset/train/tomato/leaf_curl/tomato_leaf_curl_train_0009.jpg,train,tomato,leaf_curl,tomato_leaf_curl
dataset/train/tomato/leaf_curl/tomato_leaf_curl_train_0010.jpg,train,tomato,leaf_curl,tomato_leaf_curl
dataset/train/tomato/leaf_curl/tomato_leaf_curl_train_0011.jpg,train,tomato,leaf_curl,tomato_leaf_curl
dataset/train/tomato/leaf_curl/tomato_leaf_curl_train_0012.jpg,train,tomato,leaf_curl,tomato_leaf_curl
dataset/train/tomato/leaf_curl/tomato_leaf_curl_train_0013.jpg,train,tomato,leaf_curl,tomato_leaf_curl
dataset/train/tomato/leaf_curl/tomato_leaf_curl_train_0014.jpg,train,tomato,leaf_curl,tomato_leaf_curl
dataset/train/tomato/leaf_curl/tomato_leaf_curl_train_0015.jpg,train,tomato,leaf_curl,tomato_leaf_curl
dataset/train/tomato/leaf_curl/tomato_leaf_curl_train_0016.jpg,train,tomato,leaf_curl,tomato_leaf_curl
dataset/train/tomato/leaf_curl/tomato_leaf_curl_train_0017.jpg,train,tomato,leaf_curl,tomato_leaf_curl
dataset/train/tomato/leaf_curl/tomato_leaf_curl_train_0018.jpg,train,tomato,leaf_curl,tomato_leaf_curl
dataset/train/tomato/leaf_curl/tomato_leaf_curl_train_0019.jpg,train,tomato,leaf_curl,tomato_leaf_curl
dataset/train/tomato/leaf_curl/tomato_leaf_curl_train_0020.jpg,train,tomato,leaf_curl,tomato_leaf_curl
dataset/train/tomato/leaf_curl/tomato_leaf_curl_train_0021.jpg,train,tomato,leaf_curl,tomato_leaf_curl
dataset/train/tomato/leaf_curl/tomato_leaf_curl_train_0022.jpg,train,tomato,leaf_curl,tomato_leaf_curl
dataset/train/tomato/leaf_curl/tomato_leaf_curl_train_0023.jpg,train,tomato,leaf_curl,tomato_leaf_curl
dataset/train/tomato/leaf_curl/tomato_leaf_curl_train_0024.jpg,train,tomato,leaf_curl,tomato_leaf_curl
dataset/train/tomato/leaf_curl/tomato_leaf_curl_train_0025.jpg,train,tomato,leaf_curl,tomato_leaf_curl
dataset/train/tomato/leaf_curl/tomato_leaf_curl_train_0026.jpg,train,tomato,leaf_curl,tomato_leaf_curl
dataset/train/tomato/leaf_curl/tomato_leaf_curl_train_0027.jpg,train,tomato,leaf_curl,tomato_leaf_curl
dataset/train/tomato/leaf_curl/tomato_leaf_curl_train_0028.jpg,train,tomato,leaf_curl,tomato_leaf_curl
dataset/train/tomato/leaf_curl/tomato_leaf_curl_train_0029.jpg,train,tomato,leaf_curl,tomato_leaf_curl
dataset/train/tomato/leaf_curl/tomato_leaf_curl_train_0030.jpg,train,tomato,leaf_curl,tomato_leaf_curl
dataset/train/tomato/leaf_curl/tomato_leaf_curl_train_0031.jpg,train,tomato,leaf_curl,tomato_leaf_curl
dataset/train/tomato/leaf_curl/tomato_leaf_curl_train_0032.jpg,train,tomato,leaf_curl,tomato_leaf_curl
dataset/train/tomato/leaf_curl/tomato_leaf_curl_train_0033.jpg,train,tomato,leaf_curl,tomato_leaf_curl
dataset/train/tomato/leaf_curl/tomato_leaf_curl_train_0034.jpg,train,tomato,leaf_curl,tomato_leaf_curl
dataset/train/tomato/leaf_curl/tomato_leaf_curl_train_0035.jpg,train,tomato,leaf_curl,tomato_leaf_curl
dataset/train/tomato/leaf_curl/tomato_leaf_curl_train_0036.jpg,train,tomato,leaf_curl,tomato_leaf_curl
dataset/train/tomato/leaf_curl/tomato_leaf_curl_train_0037.jpg,train,tomato,leaf_curl,tomato_leaf_curl
dataset/train/tomato/leaf_curl/tomato_leaf_curl_train_0038.jpg,train,tomato,leaf_curl,tomato_leaf_curl
dataset/train/tomato/leaf_curl/tomato_leaf_curl_train_0039.jpg,train,tomato,leaf_curl,tomato_leaf_curl
dataset/train/tomato/leaf_curl/tomato_leaf_curl_train_0040.jpg,train,tomato,leaf_curl,tomato_leaf_curl
dataset/train/tomato/leaf_curl/tomato_leaf_curl_train_0041.jpg,train,tomato,leaf_curl,tomato_leaf_curl
dataset/train/tomato/leaf_curl/tomato_leaf_curl_train_0042.jpg,train,tomato,leaf_curl,tomato_leaf_curl
dataset/train/tomato/leaf_curl/tomato_leaf_curl_train_0043.jpg,train,tomato,leaf_curl,tomato_leaf_curl
dataset/train/tomato/leaf_curl/tomato_leaf_curl_train_0044.jpg,train,tomato,leaf_curl,tomato_leaf_curl
dataset/train/tomato/leaf_curl/tomato_leaf_curl_train_0045.jpg,train,tomato,leaf_curl,tomato_leaf_curl
dataset/train/tomato/leaf_curl/tomato_leaf_curl_train_0046.jpg,train,tomato,leaf_curl,tomato_leaf_curl
dataset/train/tomato/leaf_curl/tomato_leaf_curl_train_0047.jpg,train,tomato,leaf_curl,tomato_leaf_curl
dataset/train/tomato/leaf_curl/tomato_leaf_curl_train_0048.jpg,train,tomato,leaf_curl,tomato_leaf_curl
dataset/train/tomato/leaf_curl/tomato_leaf_curl_train_0049.jpg,train,tomato,leaf_curl,tomato_leaf_curl
dataset/train/tomato/leaf_curl/tomato_leaf_curl_train_0050.jpg,train,tomato,leaf_curl,tomato_leaf_curl
dataset/train/tomato/leaf_curl/tomato_leaf_curl_train_0051.jpg,train,tomato,leaf_curl,tomato_leaf_curl
dataset/train/tomato/leaf_curl/tomato_leaf_curl_train_0052.jpg,train,tomato,leaf_curl,tomato_leaf_curl
dataset/train/tomato/leaf_curl/tomato_leaf_curl_train_0053.jpg,train,tomato,leaf_curl,tomato_leaf_curl
dataset/train/tomato/leaf_curl/tomato_leaf_curl_train_0054.jpg,train,tomato,leaf_curl,tomato_leaf_curl
dataset/train/tomato/leaf_curl/tomato_leaf_curl_train_0055.jpg,train,tomato,leaf_curl,tomato_leaf_curl
dataset/train/tomato/leaf_curl/tomato_leaf_curl_train_0056.jpg,train,tomato,leaf_curl,tomato_leaf_curl
dataset/train/tomato/leaf_curl/tomato_leaf_curl_train_0057.jpg,train,tomato,leaf_curl,tomato_leaf_curl
dataset/train/tomato/leaf_curl/tomato_leaf_curl_train_0058.jpg,train,tomato,leaf_curl,tomato_leaf_curl
dataset/train/tomato/leaf_curl/tomato_leaf_curl_train_0059.jpg,train,tomato,leaf_curl,tomato_leaf_curl
dataset/train/tomato/leaf_curl/tomato_leaf_curl_train_0060.jpg,train,tomato,leaf_curl,tomato_leaf_curl
dataset/train/tomato/leaf_curl/tomato_leaf_curl_train_0061.jpg,train,tomato,leaf_curl,tomato_leaf_curl
dataset/train/tomato/leaf_curl/tomato_leaf_curl_train_0062.jpg,train,tomato,leaf_curl,tomato_leaf_curl
dataset/train/tomato/leaf_curl/tomato_leaf_curl_train_0063.jpg,train,tomato,leaf_curl,tomato_leaf_curl
dataset/train/tomato/leaf_curl/tomato_leaf_curl_train_0064.jpg,train,tomato,leaf_curl,tomato_leaf_curl
dataset/train/tomato/leaf_curl/tomato_leaf_curl_train_0065.jpg,train,tomato,leaf_curl,tomato_leaf_curl
dataset/train/tomato/leaf_curl/tomato_leaf_curl_train_0066.jpg,train,tomato,leaf_curl,tomato_leaf_curl
dataset/train/tomato/leaf_curl/tomato_leaf_curl_train_0067.jpg,train,tomato,leaf_curl,tomato_leaf_curl
dataset/train/tomato/leaf_curl/tomato_leaf_curl_train_0068.jpg,train,tomato,leaf_curl,tomato_leaf_curl
dataset/train/tomato/leaf_curl/tomato_leaf_curl_train_0069.jpg,train,tomato,leaf_curl,tomato_leaf_curl
dataset/train/tomato/leaf_curl/tomato_leaf_curl_train_0070.jpg,train,tomato,leaf_curl,tomato_leaf_curl
dataset/train/tomato/leaf_curl/tomato_leaf_curl_train_0071.jpg,train,tomato,leaf_curl,tomato_leaf_curl
dataset/train/tomato/leaf_curl/tomato_leaf_curl_train_0072.jpg,train,tomato,leaf_curl,tomato_leaf_curl
dataset/train/tomato/leaf_curl/tomato_leaf_curl_train_0073.jpg,train,tomato,leaf_curl,tomato_leaf_curl
dataset/train/tomato/leaf_curl/tomato_leaf_curl_train_0074.jpg,train,tomato,leaf_curl,tomato_leaf_curl
dataset/train/tomato/leaf_curl/tomato_leaf_curl_train_0075.jpg,train,tomato,leaf_curl,tomato_leaf_curl
dataset/train/tomato/leaf_curl/tomato_leaf_curl_train_0076.jpg,train,tomato,leaf_curl,tomato_leaf_curl
dataset/train/tomato/leaf_curl/tomato_leaf_curl_train_0077.jpg,train,tomato,leaf_curl,tomato_leaf_curl
dataset/train/tomato/leaf_curl/tomato_leaf_curl_train_0078.jpg,train,tomato,leaf_curl,tomato_leaf_curl
dataset/train/tomato/leaf_curl/tomato_leaf_curl_train_0079.jpg,train,tomato,leaf_curl,tomato_leaf_curl
dataset/train/tomato/leaf_curl/tomato_leaf_curl_train_0080.jpg,train,tomato,leaf_curl,tomato_leaf_curl
dataset/train/tomato/leaf_curl/tomato_leaf_curl_train_0081.jpg,train,tomato,leaf_curl,tomato_leaf_curl
dataset/train/tomato/leaf_curl/tomato_leaf_curl_train_0082.jpg,train,tomato,leaf_curl,tomato_leaf_curl
dataset/train/tomato/leaf_curl/tomato_leaf_curl_train_0083.jpg,train,tomato,leaf_curl,tomato_leaf_curl
dataset/train/tomato/leaf_curl/tomato_leaf_curl_train_0084.jpg,train,tomato,leaf_curl,tomato_leaf_curl
dataset/train/tomato/leaf_curl/tomato_leaf_curl_train_0085.jpg,train,tomato,leaf_curl,tomato_leaf_curl
dataset/train/tomato/leaf_curl/tomato_leaf_curl_train_0086.jpg,train,tomato,leaf_curl,tomato_leaf_curl
dataset/train/tomato/leaf_curl/tomato_leaf_curl_train_0087.jpg,train,tomato,leaf_curl,tomato_leaf_curl
dataset/train/tomato/leaf_curl/tomato_leaf_curl_train_0088.jpg,train,tomato,leaf_curl,tomato_leaf_curl
dataset/train/tomato/leaf_curl/tomato_leaf_curl_train_0089.jpg,train,tomato,leaf_curl,tomato_leaf_curl
dataset/train/tomato/leaf_curl/tomato_leaf_curl_train_0090.jpg,train,tomato,leaf_curl,tomato_leaf_curl
dataset/train/tomato/leaf_curl/tomato_leaf_curl_train_0091.jpg,train,tomato,leaf_curl,tomato_leaf_curl
dataset/train/tomato/leaf_curl/tomato_leaf_curl_train_0092.jpg,train,tomato,leaf_curl,tomato_leaf_curl
dataset/train/tomato/leaf_curl/tomato_leaf_curl_train_0093.jpg,train,tomato,leaf_curl,tomato_leaf_curl
dataset/train/tomato/leaf_curl/tomato_leaf_curl_train_0094.jpg,train,tomato,leaf_curl,tomato_leaf_curl
dataset/train/tomato/leaf_curl/tomato_leaf_curl_train_0095.jpg,train,tomato,leaf_curl,tomato_leaf_curl
dataset/train/tomato/leaf_curl/tomato_leaf_curl_train_0096.jpg,train,tomato,leaf_curl,tomato_leaf_curl
dataset/train/tomato/leaf_curl/tomato_leaf_curl_train_0097.jpg,train,tomato,leaf_curl,tomato_leaf_curl
dataset/train/tomato/leaf_curl/tomato_leaf_curl_train_0098.jpg,train,tomato,leaf_curl,tomato_leaf_curl
dataset/train/tomato/leaf_curl/tomato_leaf_curl_train_0099.jpg,train,tomato,leaf_curl,tomato_leaf_curl
dataset/train/tomato/leaf_curl/tomato_leaf_curl_train_0100.jpg,train,tomato,leaf_curl,tomato_leaf_curl
dataset/train/tomato/leaf_curl/tomato_leaf_curl_train_0101.jpg,train,tomato,leaf_curl,tomato_leaf_curl
dataset/train/tomato/leaf_curl/tomato_leaf_curl_train_0102.jpg,train,tomato,leaf_curl,tomato_leaf_curl
dataset/train/tomato/leaf_curl/tomato_leaf_curl_train_0103.jpg,train,tomato,leaf_curl,tomato_leaf_curl
dataset/train/tomato/leaf_curl/tomato_leaf_curl_train_0104.jpg,train,tomato,leaf_curl,tomato_leaf_curl
dataset/train/tomato/leaf_curl/tomato_leaf_curl_train_0105.jpg,train,tomato,leaf_curl,tomato_leaf_curl
dataset/val/tomato/leaf_curl/tomato_leaf_curl_val_0001.jpg,val,tomato,leaf_curl,tomato_leaf_curl
dataset/val/tomato/leaf_curl/tomato_leaf_curl_val_0002.jpg,val,tomato,leaf_curl,tomato_leaf_curl
dataset/val/tomato/leaf_curl/tomato_leaf_curl_val_0003.jpg,val,tomato,leaf_curl,tomato_leaf_curl
dataset/val/tomato/leaf_curl/tomato_leaf_curl_val_0004.jpg,val,tomato,leaf_curl,tomato_leaf_curl
dataset/val/tomato/leaf_curl/tomato_leaf_curl_val_0005.jpg,val,tomato,leaf_curl,tomato_leaf_curl
dataset/val/tomato/leaf_curl/tomato_leaf_curl_val_0006.jpg,val,tomato,leaf_curl,tomato_leaf_curl
dataset/val/tomato/leaf_curl/tomato_leaf_curl_val_0007.jpg,val,tomato,leaf_curl,tomato_leaf_curl
dataset/val/tomato/leaf_curl/tomato_leaf_curl_val_0008.jpg,val,tomato,leaf_curl,tomato_leaf_curl
dataset/val/tomato/leaf_curl/tomato_leaf_curl_val_0009.jpg,val,tomato,leaf_curl,tomato_leaf_curl
dataset/val/tomato/leaf_curl/tomato_leaf_curl_val_0010.jpg,val,tomato,leaf_curl,tomato_leaf_curl
dataset/val/tomato/leaf_curl/tomato_leaf_curl_val_0011.jpg,val,tomato,leaf_curl,tomato_leaf_curl
dataset/val/tomato/leaf_curl/tomato_leaf_curl_val_0012.jpg,val,tomato,leaf_curl,tomato_leaf_curl
dataset/val/tomato/leaf_curl/tomato_leaf_curl_val_0013.jpg,val,tomato,leaf_curl,tomato_leaf_curl
dataset/val/tomato/leaf_curl/tomato_leaf_curl_val_0014.jpg,val,tomato,leaf_curl,tomato_leaf_curl
dataset/val/tomato/leaf_curl/tomato_leaf_curl_val_0015.jpg,val,tomato,leaf_curl,tomato_leaf_curl
dataset/val/tomato/leaf_curl/tomato_leaf_curl_val_0016.jpg,val,tomato,leaf_curl,tomato_leaf_curl
dataset/val/tomato/leaf_curl/tomato_leaf_curl_val_0017.jpg,val,tomato,leaf_curl,tomato_leaf_curl
dataset/val/tomato/leaf_curl/tomato_leaf_curl_val_0018.jpg,val,tomato,leaf_curl,tomato_leaf_curl
dataset/val/tomato/leaf_curl/tomato_leaf_curl_val_0019.jpg,val,tomato,leaf_curl,tomato_leaf_curl
dataset/val/tomato/leaf_curl/tomato_leaf_curl_val_0020.jpg,val,tomato,leaf_curl,tomato_leaf_curl
dataset/val/tomato/leaf_curl/tomato_leaf_curl_val_0021.jpg,val,tomato,leaf_curl,tomato_leaf_curl
dataset/val/tomato/leaf_curl/tomato_leaf_curl_val_0022.jpg,val,tomato,leaf_curl,tomato_leaf_curl
dataset/test/tomato/leaf_curl/tomato_leaf_curl_test_0001.jpg,test,tomato,leaf_curl,tomato_leaf_curl
dataset/test/tomato/leaf_curl/tomato_leaf_curl_test_0002.jpg,test,tomato,leaf_curl,tomato_leaf_curl
dataset/test/tomato/leaf_curl/tomato_leaf_curl_test_0003.jpg,test,tomato,leaf_curl,tomato_leaf_curl
dataset/test/tomato/leaf_curl/tomato_leaf_curl_test_0004.jpg,test,tomato,leaf_curl,tomato_leaf_curl
dataset/test/tomato/leaf_curl/tomato_leaf_curl_test_0005.jpg,test,tomato,leaf_curl,tomato_leaf_curl
dataset/test/tomato/leaf_curl/tomato_leaf_curl_test_0006.jpg,test,tomato,leaf_curl,tomato_leaf_curl
dataset/test/tomato/leaf_curl/tomato_leaf_curl_test_0007.jpg,test,tomato,leaf_curl,tomato_leaf_curl
dataset/test/tomato/leaf_curl/tomato_leaf_curl_test_0008.jpg,test,tomato,leaf_curl,tomato_leaf_curl
dataset/test/tomato/leaf_curl/tomato_leaf_curl_test_0009.jpg,test,tomato,leaf_curl,tomato_leaf_curl
dataset/test/tomato/leaf_curl/tomato_leaf_curl_test_0010.jpg,test,tomato,leaf_curl,tomato_leaf_curl
dataset/test/tomato/leaf_curl/tomato_leaf_curl_test_0011.jpg,test,tomato,leaf_curl,tomato_leaf_curl
dataset/test/tomato/leaf_curl/tomato_leaf_curl_test_0012.jpg,test,tomato,leaf_curl,tomato_leaf_curl
dataset/test/tomato/leaf_curl/tomato_leaf_curl_test_0013.jpg,test,tomato,leaf_curl,tomato_leaf_curl
dataset/test/tomato/leaf_curl/tomato_leaf_curl_test_0014.jpg,test,tomato,leaf_curl,tomato_leaf_curl
dataset/test/tomato/leaf_curl/tomato_leaf_curl_test_0015.jpg,test,tomato,leaf_curl,tomato_leaf_curl
dataset/test/tomato/leaf_curl/tomato_leaf_curl_test_0016.jpg,test,tomato,leaf_curl,tomato_leaf_curl
dataset/test/tomato/leaf_curl/tomato_leaf_curl_test_0017.jpg,test,tomato,leaf_curl,tomato_leaf_curl
dataset/test/tomato/leaf_curl/tomato_leaf_curl_test_0018.jpg,test,tomato,leaf_curl,tomato_leaf_curl
dataset/test/tomato/leaf_curl/tomato_leaf_curl_test_0019.jpg,test,tomato,leaf_curl,tomato_leaf_curl
dataset/test/tomato/leaf_curl/tomato_leaf_curl_test_0020.jpg,test,tomato,leaf_curl,tomato_leaf_curl
dataset/test/tomato/leaf_curl/tomato_leaf_curl_test_0021.jpg,test,tomato,leaf_curl,tomato_leaf_curl
dataset/test/tomato/leaf_curl/tomato_leaf_curl_test_0022.jpg,test,tomato,leaf_curl,tomato_leaf_curl
dataset/test/tomato/leaf_curl/tomato_leaf_curl_test_0023.jpg,test,tomato,leaf_curl,tomato_leaf_curl
dataset/train/tomato/healthy/tomato_healthy_train_0001.jpg,train,tomato,healthy,tomato_healthy
dataset/train/tomato/healthy/tomato_healthy_train_0002.jpg,train,tomato,healthy,tomato_healthy
dataset/train/tomato/healthy/tomato_healthy_train_0003.jpg,train,tomato,healthy,tomato_healthy
dataset/train/tomato/healthy/tomato_healthy_train_0004.jpg,train,tomato,healthy,tomato_healthy
dataset/train/tomato/healthy/tomato_healthy_train_0005.jpg,train,tomato,healthy,tomato_healthy
dataset/train/tomato/healthy/tomato_healthy_train_0006.jpg,train,tomato,healthy,tomato_healthy
dataset/train/tomato/healthy/tomato_healthy_train_0007.jpg,train,tomato,healthy,tomato_healthy
dataset/train/tomato/healthy/tomato_healthy_train_0008.jpg,train,tomato,healthy,tomato_healthy
dataset/train/tomato/healthy/tomato_healthy_train_0009.jpg,train,tomato,healthy,tomato_healthy
dataset/train/tomato/healthy/tomato_healthy_train_0010.jpg,train,tomato,healthy,tomato_healthy
dataset/train/tomato/healthy/tomato_healthy_train_0011.jpg,train,tomato,healthy,tomato_healthy
dataset/train/tomato/healthy/tomato_healthy_train_0012.jpg,train,tomato,healthy,tomato_healthy
dataset/train/tomato/healthy/tomato_healthy_train_0013.jpg,train,tomato,healthy,tomato_healthy
dataset/train/tomato/healthy/tomato_healthy_train_0014.jpg,train,tomato,healthy,tomato_healthy
dataset/train/tomato/healthy/tomato_healthy_train_0015.jpg,train,tomato,healthy,tomato_healthy
dataset/train/tomato/healthy/tomato_healthy_train_0016.jpg,train,tomato,healthy,tomato_healthy
dataset/train/tomato/healthy/tomato_healthy_train_0017.jpg,train,tomato,healthy,tomato_healthy
dataset/train/tomato/healthy/tomato_healthy_train_0018.jpg,train,tomato,healthy,tomato_healthy
dataset/train/tomato/healthy/tomato_healthy_train_0019.jpg,train,tomato,healthy,tomato_healthy
dataset/train/tomato/healthy/tomato_healthy_train_0020.jpg,train,tomato,healthy,tomato_healthy
dataset/train/tomato/healthy/tomato_healthy_train_0021.jpg,train,tomato,healthy,tomato_healthy
dataset/train/tomato/healthy/tomato_healthy_train_0022.jpg,train,tomato,healthy,tomato_healthy
dataset/train/tomato/healthy/tomato_healthy_train_0023.jpg,train,tomato,healthy,tomato_healthy
dataset/train/tomato/healthy/tomato_healthy_train_0024.jpg,train,tomato,healthy,tomato_healthy
dataset/train/tomato/healthy/tomato_healthy_train_0025.jpg,train,tomato,healthy,tomato_healthy
dataset/train/tomato/healthy/tomato_healthy_train_0026.jpg,train,tomato,healthy,tomato_healthy
dataset/train/tomato/healthy/tomato_healthy_train_0027.jpg,train,tomato,healthy,tomato_healthy
dataset/train/tomato/healthy/tomato_healthy_train_0028.jpg,train,tomato,healthy,tomato_healthy
dataset/train/tomato/healthy/tomato_healthy_train_0029.jpg,train,tomato,healthy,tomato_healthy
dataset/train/tomato/healthy/tomato_healthy_train_0030.jpg,train,tomato,healthy,tomato_healthy
dataset/train/tomato/healthy/tomato_healthy_train_0031.jpg,train,tomato,healthy,tomato_healthy
dataset/train/tomato/healthy/tomato_healthy_train_0032.jpg,train,tomato,healthy,tomato_healthy
dataset/train/tomato/healthy/tomato_healthy_train_0033.jpg,train,tomato,healthy,tomato_healthy
dataset/train/tomato/healthy/tomato_healthy_train_0034.jpg,train,tomato,healthy,tomato_healthy
dataset/train/tomato/healthy/tomato_healthy_train_0035.jpg,train,tomato,healthy,tomato_healthy
dataset/train/tomato/healthy/tomato_healthy_train_0036.jpg,train,tomato,healthy,tomato_healthy
dataset/train/tomato/healthy/tomato_healthy_train_0037.jpg,train,tomato,healthy,tomato_healthy
dataset/train/tomato/healthy/tomato_healthy_train_0038.jpg,train,tomato,healthy,tomato_healthy
dataset/train/tomato/healthy/tomato_healthy_train_0039.jpg,train,tomato,healthy,tomato_healthy
dataset/train/tomato/healthy/tomato_healthy_train_0040.jpg,train,tomato,healthy,tomato_healthy
dataset/train/tomato/healthy/tomato_healthy_train_0041.jpg,train,tomato,healthy,tomato_healthy
dataset/train/tomato/healthy/tomato_healthy_train_0042.jpg,train,tomato,healthy,tomato_healthy
dataset/train/tomato/healthy/tomato_healthy_train_0043.jpg,train,tomato,healthy,tomato_healthy
dataset/train/tomato/healthy/tomato_healthy_train_0044.jpg,train,tomato,healthy,tomato_healthy
dataset/train/tomato/healthy/tomato_healthy_train_0045.jpg,train,tomato,healthy,tomato_healthy
dataset/train/tomato/healthy/tomato_healthy_train_0046.jpg,train,tomato,healthy,tomato_healthy
dataset/train/tomato/healthy/tomato_healthy_train_0047.jpg,train,tomato,healthy,tomato_healthy
dataset/train/tomato/healthy/tomato_healthy_train_0048.jpg,train,tomato,healthy,tomato_healthy
dataset/train/tomato/healthy/tomato_healthy_train_0049.jpg,train,tomato,healthy,tomato_healthy
dataset/train/tomato/healthy/tomato_healthy_train_0050.jpg,train,tomato,healthy,tomato_healthy
dataset/train/tomato/healthy/tomato_healthy_train_0051.jpg,train,tomato,healthy,tomato_healthy
dataset/train/tomato/healthy/tomato_healthy_train_0052.jpg,train,tomato,healthy,tomato_healthy
dataset/train/tomato/healthy/tomato_healthy_train_0053.jpg,train,tomato,healthy,tomato_healthy
dataset/train/tomato/healthy/tomato_healthy_train_0054.jpg,train,tomato,healthy,tomato_healthy
dataset/train/tomato/healthy/tomato_healthy_train_0055.jpg,train,tomato,healthy,tomato_healthy
dataset/train/tomato/healthy/tomato_healthy_train_0056.jpg,train,tomato,healthy,tomato_healthy
dataset/train/tomato/healthy/tomato_healthy_train_0057.jpg,train,tomato,healthy,tomato_healthy
dataset/train/tomato/healthy/tomato_healthy_train_0058.jpg,train,tomato,healthy,tomato_healthy
dataset/train/tomato/healthy/tomato_healthy_train_0059.jpg,train,tomato,healthy,tomato_healthy
dataset/train/tomato/healthy/tomato_healthy_train_0060.jpg,train,tomato,healthy,tomato_healthy
dataset/train/tomato/healthy/tomato_healthy_train_0061.jpg,train,tomato,healthy,tomato_healthy
dataset/train/tomato/healthy/tomato_healthy_train_0062.jpg,train,tomato,healthy,tomato_healthy
dataset/train/tomato/healthy/tomato_healthy_train_0063.jpg,train,tomato,healthy,tomato_healthy
dataset/train/tomato/healthy/tomato_healthy_train_0064.jpg,train,tomato,healthy,tomato_healthy
dataset/train/tomato/healthy/tomato_healthy_train_0065.jpg,train,tomato,healthy,tomato_healthy
dataset/train/tomato/healthy/tomato_healthy_train_0066.jpg,train,tomato,healthy,tomato_healthy
dataset/train/tomato/healthy/tomato_healthy_train_0067.jpg,train,tomato,healthy,tomato_healthy
dataset/train/tomato/healthy/tomato_healthy_train_0068.jpg,train,tomato,healthy,tomato_healthy
dataset/train/tomato/healthy/tomato_healthy_train_0069.jpg,train,tomato,healthy,tomato_healthy
dataset/train/tomato/healthy/tomato_healthy_train_0070.jpg,train,tomato,healthy,tomato_healthy
dataset/train/tomato/healthy/tomato_healthy_train_0071.jpg,train,tomato,healthy,tomato_healthy
dataset/train/tomato/healthy/tomato_healthy_train_0072.jpg,train,tomato,healthy,tomato_healthy
dataset/train/tomato/healthy/tomato_healthy_train_0073.jpg,train,tomato,healthy,tomato_healthy
dataset/train/tomato/healthy/tomato_healthy_train_0074.jpg,train,tomato,healthy,tomato_healthy
dataset/train/tomato/healthy/tomato_healthy_train_0075.jpg,train,tomato,healthy,tomato_healthy
dataset/train/tomato/healthy/tomato_healthy_train_0076.jpg,train,tomato,healthy,tomato_healthy
dataset/train/tomato/healthy/tomato_healthy_train_0077.jpg,train,tomato,healthy,tomato_healthy
dataset/train/tomato/healthy/tomato_healthy_train_0078.jpg,train,tomato,healthy,tomato_healthy
dataset/train/tomato/healthy/tomato_healthy_train_0079.jpg,train,tomato,healthy,tomato_healthy
dataset/train/tomato/healthy/tomato_healthy_train_0080.jpg,train,tomato,healthy,tomato_healthy
dataset/train/tomato/healthy/tomato_healthy_train_0081.jpg,train,tomato,healthy,tomato_healthy
dataset/train/tomato/healthy/tomato_healthy_train_0082.jpg,train,tomato,healthy,tomato_healthy
dataset/train/tomato/healthy/tomato_healthy_train_0083.jpg,train,tomato,healthy,tomato_healthy
dataset/train/tomato/healthy/tomato_healthy_train_0084.jpg,train,tomato,healthy,tomato_healthy
dataset/train/tomato/healthy/tomato_healthy_train_0085.jpg,train,tomato,healthy,tomato_healthy
dataset/train/tomato/healthy/tomato_healthy_train_0086.jpg,train,tomato,healthy,tomato_healthy
dataset/train/tomato/healthy/tomato_healthy_train_0087.jpg,train,tomato,healthy,tomato_healthy
dataset/train/tomato/healthy/tomato_healthy_train_0088.jpg,train,tomato,healthy,tomato_healthy
dataset/train/tomato/healthy/tomato_healthy_train_0089.jpg,train,tomato,healthy,tomato_healthy
dataset/train/tomato/healthy/tomato_healthy_train_0090.jpg,train,tomato,healthy,tomato_healthy
dataset/train/tomato/healthy/tomato_healthy_train_0091.jpg,train,tomato,healthy,tomato_healthy
dataset/train/tomato/healthy/tomato_healthy_train_0092.jpg,train,tomato,healthy,tomato_healthy
dataset/train/tomato/healthy/tomato_healthy_train_0093.jpg,train,tomato,healthy,tomato_healthy
dataset/train/tomato/healthy/tomato_healthy_train_0094.jpg,train,tomato,healthy,tomato_healthy
dataset/train/tomato/healthy/tomato_healthy_train_0095.jpg,train,tomato,healthy,tomato_healthy
dataset/train/tomato/healthy/tomato_healthy_train_0096.jpg,train,tomato,healthy,tomato_healthy
dataset/train/tomato/healthy/tomato_healthy_train_0097.jpg,train,tomato,healthy,tomato_healthy
dataset/train/tomato/healthy/tomato_healthy_train_0098.jpg,train,tomato,healthy,tomato_healthy
dataset/train/tomato/healthy/tomato_healthy_train_0099.jpg,train,tomato,healthy,tomato_healthy
dataset/train/tomato/healthy/tomato_healthy_train_0100.jpg,train,tomato,healthy,tomato_healthy
dataset/train/tomato/healthy/tomato_healthy_train_0101.jpg,train,tomato,healthy,tomato_healthy
dataset/train/tomato/healthy/tomato_healthy_train_0102.jpg,train,tomato,healthy,tomato_healthy
dataset/train/tomato/healthy/tomato_healthy_train_0103.jpg,train,tomato,healthy,tomato_healthy
dataset/train/tomato/healthy/tomato_healthy_train_0104.jpg,train,tomato,healthy,tomato_healthy
dataset/train/tomato/healthy/tomato_healthy_train_0105.jpg,train,tomato,healthy,tomato_healthy
dataset/val/tomato/healthy/tomato_healthy_val_0001.jpg,val,tomato,healthy,tomato_healthy
dataset/val/tomato/healthy/tomato_healthy_val_0002.jpg,val,tomato,healthy,tomato_healthy
dataset/val/tomato/healthy/tomato_healthy_val_0003.jpg,val,tomato,healthy,tomato_healthy
dataset/val/tomato/healthy/tomato_healthy_val_0004.jpg,val,tomato,healthy,tomato_healthy
dataset/val/tomato/healthy/tomato_healthy_val_0005.jpg,val,tomato,healthy,tomato_healthy
dataset/val/tomato/healthy/tomato_healthy_val_0006.jpg,val,tomato,healthy,tomato_healthy
dataset/val/tomato/healthy/tomato_healthy_val_0007.jpg,val,tomato,healthy,tomato_healthy
dataset/val/tomato/healthy/tomato_healthy_val_0008.jpg,val,tomato,healthy,tomato_healthy
dataset/val/tomato/healthy/tomato_healthy_val_0009.jpg,val,tomato,healthy,tomato_healthy
dataset/val/tomato/healthy/tomato_healthy_val_0010.jpg,val,tomato,healthy,tomato_healthy
dataset/val/tomato/healthy/tomato_healthy_val_0011.jpg,val,tomato,healthy,tomato_healthy
dataset/val/tomato/healthy/tomato_healthy_val_0012.jpg,val,tomato,healthy,tomato_healthy
dataset/val/tomato/healthy/tomato_healthy_val_0013.jpg,val,tomato,healthy,tomato_healthy
dataset/val/tomato/healthy/tomato_healthy_val_0014.jpg,val,tomato,healthy,tomato_healthy
dataset/val/tomato/healthy/tomato_healthy_val_0015.jpg,val,tomato,healthy,tomato_healthy
dataset/val/tomato/healthy/tomato_healthy_val_0016.jpg,val,tomato,healthy,tomato_healthy
dataset/val/tomato/healthy/tomato_healthy_val_0017.jpg,val,tomato,healthy,tomato_healthy
dataset/val/tomato/healthy/tomato_healthy_val_0018.jpg,val,tomato,healthy,tomato_healthy
dataset/val/tomato/healthy/tomato_healthy_val_0019.jpg,val,tomato,healthy,tomato_healthy
dataset/val/tomato/healthy/tomato_healthy_val_0020.jpg,val,tomato,healthy,tomato_healthy
dataset/val/tomato/healthy/tomato_healthy_val_0021.jpg,val,tomato,healthy,tomato_healthy
dataset/val/tomato/healthy/tomato_healthy_val_0022.jpg,val,tomato,healthy,tomato_healthy
dataset/test/tomato/healthy/tomato_healthy_test_0001.jpg,test,tomato,healthy,tomato_healthy
dataset/test/tomato/healthy/tomato_healthy_test_0002.jpg,test,tomato,healthy,tomato_healthy
dataset/test/tomato/healthy/tomato_healthy_test_0003.jpg,test,tomato,healthy,tomato_healthy
dataset/test/tomato/healthy/tomato_healthy_test_0004.jpg,test,tomato,healthy,tomato_healthy
dataset/test/tomato/healthy/tomato_healthy_test_0005.jpg,test,tomato,healthy,tomato_healthy
dataset/test/tomato/healthy/tomato_healthy_test_0006.jpg,test,tomato,healthy,tomato_healthy
dataset/test/tomato/healthy/tomato_healthy_test_0007.jpg,test,tomato,healthy,tomato_healthy
dataset/test/tomato/healthy/tomato_healthy_test_0008.jpg,test,tomato,healthy,tomato_healthy
dataset/test/tomato/healthy/tomato_healthy_test_0009.jpg,test,tomato,healthy,tomato_healthy
dataset/test/tomato/healthy/tomato_healthy_test_0010.jpg,test,tomato,healthy,tomato_healthy
dataset/test/tomato/healthy/tomato_healthy_test_0011.jpg,test,tomato,healthy,tomato_healthy
dataset/test/tomato/healthy/tomato_healthy_test_0012.jpg,test,tomato,healthy,tomato_healthy
dataset/test/tomato/healthy/tomato_healthy_test_0013.jpg,test,tomato,healthy,tomato_healthy
dataset/test/tomato/healthy/tomato_healthy_test_0014.jpg,test,tomato,healthy,tomato_healthy
dataset/test/tomato/healthy/tomato_healthy_test_0015.jpg,test,tomato,healthy,tomato_healthy
dataset/test/tomato/healthy/tomato_healthy_test_0016.jpg,test,tomato,healthy,tomato_healthy
dataset/test/tomato/healthy/tomato_healthy_test_0017.jpg,test,tomato,healthy,tomato_healthy
dataset/test/tomato/healthy/tomato_healthy_test_0018.jpg,test,tomato,healthy,tomato_healthy
dataset/test/tomato/healthy/tomato_healthy_test_0019.jpg,test,tomato,healthy,tomato_healthy
dataset/test/tomato/healthy/tomato_healthy_test_0020.jpg,test,tomato,healthy,tomato_healthy
dataset/test/tomato/healthy/tomato_healthy_test_0021.jpg,test,tomato,healthy,tomato_healthy
dataset/test/tomato/healthy/tomato_healthy_test_0022.jpg,test,tomato,healthy,tomato_healthy
dataset/test/tomato/healthy/tomato_healthy_test_0023.jpg,test,tomato,healthy,tomato_healthy
dataset/train/potato/early_blight/potato_early_blight_train_0001.jpg,train,potato,early_blight,potato_early_blight
dataset/train/potato/early_blight/potato_early_blight_train_0002.jpg,train,potato,early_blight,potato_early_blight
dataset/train/potato/early_blight/potato_early_blight_train_0003.jpg,train,potato,early_blight,potato_early_blight
dataset/train/potato/early_blight/potato_early_blight_train_0004.jpg,train,potato,early_blight,potato_early_blight
dataset/train/potato/early_blight/potato_early_blight_train_0005.jpg,train,potato,early_blight,potato_early_blight
dataset/train/potato/early_blight/potato_early_blight_train_0006.jpg,train,potato,early_blight,potato_early_blight
dataset/train/potato/early_blight/potato_early_blight_train_0007.jpg,train,potato,early_blight,potato_early_blight
dataset/train/potato/early_blight/potato_early_blight_train_0008.jpg,train,potato,early_blight,potato_early_blight
dataset/train/potato/early_blight/potato_early_blight_train_0009.jpg,train,potato,early_blight,potato_early_blight
dataset/train/potato/early_blight/potato_early_blight_train_0010.jpg,train,potato,early_blight,potato_early_blight
dataset/train/potato/early_blight/potato_early_blight_train_0011.jpg,train,potato,early_blight,potato_early_blight
dataset/train/potato/early_blight/potato_early_blight_train_0012.jpg,train,potato,early_blight,potato_early_blight
dataset/train/potato/early_blight/potato_early_blight_train_0013.jpg,train,potato,early_blight,potato_early_blight
dataset/train/potato/early_blight/potato_early_blight_train_0014.jpg,train,potato,early_blight,potato_early_blight
dataset/train/potato/early_blight/potato_early_blight_train_0015.jpg,train,potato,early_blight,potato_early_blight
dataset/train/potato/early_blight/potato_early_blight_train_0016.jpg,train,potato,early_blight,potato_early_blight
dataset/train/potato/early_blight/potato_early_blight_train_0017.jpg,train,potato,early_blight,potato_early_blight
dataset/train/potato/early_blight/potato_early_blight_train_0018.jpg,train,potato,early_blight,potato_early_blight
dataset/train/potato/early_blight/potato_early_blight_train_0019.jpg,train,potato,early_blight,potato_early_blight
dataset/train/potato/early_blight/potato_early_blight_train_0020.jpg,train,potato,early_blight,potato_early_blight
dataset/train/potato/early_blight/potato_early_blight_train_0021.jpg,train,potato,early_blight,potato_early_blight
dataset/train/potato/early_blight/potato_early_blight_train_0022.jpg,train,potato,early_blight,potato_early_blight
dataset/train/potato/early_blight/potato_early_blight_train_0023.jpg,train,potato,early_blight,potato_early_blight
dataset/train/potato/early_blight/potato_early_blight_train_0024.jpg,train,potato,early_blight,potato_early_blight
dataset/train/potato/early_blight/potato_early_blight_train_0025.jpg,train,potato,early_blight,potato_early_blight
dataset/train/potato/early_blight/potato_early_blight_train_0026.jpg,train,potato,early_blight,potato_early_blight
dataset/train/potato/early_blight/potato_early_blight_train_0027.jpg,train,potato,early_blight,potato_early_blight
dataset/train/potato/early_blight/potato_early_blight_train_0028.jpg,train,potato,early_blight,potato_early_blight
dataset/train/potato/early_blight/potato_early_blight_train_0029.jpg,train,potato,early_blight,potato_early_blight
dataset/train/potato/early_blight/potato_early_blight_train_0030.jpg,train,potato,early_blight,potato_early_blight
dataset/train/potato/early_blight/potato_early_blight_train_0031.jpg,train,potato,early_blight,potato_early_blight
dataset/train/potato/early_blight/potato_early_blight_train_0032.jpg,train,potato,early_blight,potato_early_blight
dataset/train/potato/early_blight/potato_early_blight_train_0033.jpg,train,potato,early_blight,potato_early_blight
dataset/train/potato/early_blight/potato_early_blight_train_0034.jpg,train,potato,early_blight,potato_early_blight
dataset/train/potato/early_blight/potato_early_blight_train_0035.jpg,train,potato,early_blight,potato_early_blight
dataset/train/potato/early_blight/potato_early_blight_train_0036.jpg,train,potato,early_blight,potato_early_blight
dataset/train/potato/early_blight/potato_early_blight_train_0037.jpg,train,potato,early_blight,potato_early_blight
dataset/train/potato/early_blight/potato_early_blight_train_0038.jpg,train,potato,early_blight,potato_early_blight
dataset/train/potato/early_blight/potato_early_blight_train_0039.jpg,train,potato,early_blight,potato_early_blight
dataset/train/potato/early_blight/potato_early_blight_train_0040.jpg,train,potato,early_blight,potato_early_blight
dataset/train/potato/early_blight/potato_early_blight_train_0041.jpg,train,potato,early_blight,potato_early_blight
dataset/train/potato/early_blight/potato_early_blight_train_0042.jpg,train,potato,early_blight,potato_early_blight
dataset/train/potato/early_blight/potato_early_blight_train_0043.jpg,train,potato,early_blight,potato_early_blight
dataset/train/potato/early_blight/potato_early_blight_train_0044.jpg,train,potato,early_blight,potato_early_blight
dataset/train/potato/early_blight/potato_early_blight_train_0045.jpg,train,potato,early_blight,potato_early_blight
dataset/train/potato/early_blight/potato_early_blight_train_0046.jpg,train,potato,early_blight,potato_early_blight
dataset/train/potato/early_blight/potato_early_blight_train_0047.jpg,train,potato,early_blight,potato_early_blight
dataset/train/potato/early_blight/potato_early_blight_train_0048.jpg,train,potato,early_blight,potato_early_blight
dataset/train/potato/early_blight/potato_early_blight_train_0049.jpg,train,potato,early_blight,potato_early_blight
dataset/train/potato/early_blight/potato_early_blight_train_0050.jpg,train,potato,early_blight,potato_early_blight
dataset/train/potato/early_blight/potato_early_blight_train_0051.jpg,train,potato,early_blight,potato_early_blight
dataset/train/potato/early_blight/potato_early_blight_train_0052.jpg,train,potato,early_blight,potato_early_blight
dataset/train/potato/early_blight/potato_early_blight_train_0053.jpg,train,potato,early_blight,potato_early_blight
dataset/train/potato/early_blight/potato_early_blight_train_0054.jpg,train,potato,early_blight,potato_early_blight
dataset/train/potato/early_blight/potato_early_blight_train_0055.jpg,train,potato,early_blight,potato_early_blight
dataset/train/potato/early_blight/potato_early_blight_train_0056.jpg,train,potato,early_blight,potato_early_blight
dataset/train/potato/early_blight/potato_early_blight_train_0057.jpg,train,potato,early_blight,potato_early_blight
dataset/train/potato/early_blight/potato_early_blight_train_0058.jpg,train,potato,early_blight,potato_early_blight
dataset/train/potato/early_blight/potato_early_blight_train_0059.jpg,train,potato,early_blight,potato_early_blight
dataset/train/potato/early_blight/potato_early_blight_train_0060.jpg,train,potato,early_blight,potato_early_blight
dataset/train/potato/early_blight/potato_early_blight_train_0061.jpg,train,potato,early_blight,potato_early_blight
dataset/train/potato/early_blight/potato_early_blight_train_0062.jpg,train,potato,early_blight,potato_early_blight
dataset/train/potato/early_blight/potato_early_blight_train_0063.jpg,train,potato,early_blight,potato_early_blight
dataset/train/potato/early_blight/potato_early_blight_train_0064.jpg,train,potato,early_blight,potato_early_blight
dataset/train/potato/early_blight/potato_early_blight_train_0065.jpg,train,potato,early_blight,potato_early_blight
dataset/train/potato/early_blight/potato_early_blight_train_0066.jpg,train,potato,early_blight,potato_early_blight
dataset/train/potato/early_blight/potato_early_blight_train_0067.jpg,train,potato,early_blight,potato_early_blight
dataset/train/potato/early_blight/potato_early_blight_train_0068.jpg,train,potato,early_blight,potato_early_blight
dataset/train/potato/early_blight/potato_early_blight_train_0069.jpg,train,potato,early_blight,potato_early_blight
dataset/train/potato/early_blight/potato_early_blight_train_0070.jpg,train,potato,early_blight,potato_early_blight
dataset/train/potato/early_blight/potato_early_blight_train_0071.jpg,train,potato,early_blight,potato_early_blight
dataset/train/potato/early_blight/potato_early_blight_train_0072.jpg,train,potato,early_blight,potato_early_blight
dataset/train/potato/early_blight/potato_early_blight_train_0073.jpg,train,potato,early_blight,potato_early_blight
dataset/train/potato/early_blight/potato_early_blight_train_0074.jpg,train,potato,early_blight,potato_early_blight
dataset/train/potato/early_blight/potato_early_blight_train_0075.jpg,train,potato,early_blight,potato_early_blight
dataset/train/potato/early_blight/potato_early_blight_train_0076.jpg,train,potato,early_blight,potato_early_blight
dataset/train/potato/early_blight/potato_early_blight_train_0077.jpg,train,potato,early_blight,potato_early_blight
dataset/train/potato/early_blight/potato_early_blight_train_0078.jpg,train,potato,early_blight,potato_early_blight
dataset/train/potato/early_blight/potato_early_blight_train_0079.jpg,train,potato,early_blight,potato_early_blight
dataset/train/potato/early_blight/potato_early_blight_train_0080.jpg,train,potato,early_blight,potato_early_blight
dataset/train/potato/early_blight/potato_early_blight_train_0081.jpg,train,potato,early_blight,potato_early_blight
dataset/train/potato/early_blight/potato_early_blight_train_0082.jpg,train,potato,early_blight,potato_early_blight
dataset/train/potato/early_blight/potato_early_blight_train_0083.jpg,train,potato,early_blight,potato_early_blight
dataset/train/potato/early_blight/potato_early_blight_train_0084.jpg,train,potato,early_blight,potato_early_blight
dataset/train/potato/early_blight/potato_early_blight_train_0085.jpg,train,potato,early_blight,potato_early_blight
dataset/train/potato/early_blight/potato_early_blight_train_0086.jpg,train,potato,early_blight,potato_early_blight
dataset/train/potato/early_blight/potato_early_blight_train_0087.jpg,train,potato,early_blight,potato_early_blight
dataset/train/potato/early_blight/potato_early_blight_train_0088.jpg,train,potato,early_blight,potato_early_blight
dataset/train/potato/early_blight/potato_early_blight_train_0089.jpg,train,potato,early_blight,potato_early_blight
dataset/train/potato/early_blight/potato_early_blight_train_0090.jpg,train,potato,early_blight,potato_early_blight
dataset/train/potato/early_blight/potato_early_blight_train_0091.jpg,train,potato,early_blight,potato_early_blight
dataset/train/potato/early_blight/potato_early_blight_train_0092.jpg,train,potato,early_blight,potato_early_blight
dataset/train/potato/early_blight/potato_early_blight_train_0093.jpg,train,potato,early_blight,potato_early_blight
dataset/train/potato/early_blight/potato_early_blight_train_0094.jpg,train,potato,early_blight,potato_early_blight
dataset/train/potato/early_blight/potato_early_blight_train_0095.jpg,train,potato,early_blight,potato_early_blight
dataset/train/potato/early_blight/potato_early_blight_train_0096.jpg,train,potato,early_blight,potato_early_blight
dataset/train/potato/early_blight/potato_early_blight_train_0097.jpg,train,potato,early_blight,potato_early_blight
dataset/train/potato/early_blight/potato_early_blight_train_0098.jpg,train,potato,early_blight,potato_early_blight
dataset/train/potato/early_blight/potato_early_blight_train_0099.jpg,train,potato,early_blight,potato_early_blight
dataset/train/potato/early_blight/potato_early_blight_train_0100.jpg,train,potato,early_blight,potato_early_blight
dataset/train/potato/early_blight/potato_early_blight_train_0101.jpg,train,potato,early_blight,potato_early_blight
dataset/train/potato/early_blight/potato_early_blight_train_0102.jpg,train,potato,early_blight,potato_early_blight
dataset/train/potato/early_blight/potato_early_blight_train_0103.jpg,train,potato,early_blight,potato_early_blight
dataset/train/potato/early_blight/potato_early_blight_train_0104.jpg,train,potato,early_blight,potato_early_blight
dataset/train/potato/early_blight/potato_early_blight_train_0105.jpg,train,potato,early_blight,potato_early_blight
dataset/val/potato/early_blight/potato_early_blight_val_0001.jpg,val,potato,early_blight,potato_early_blight
dataset/val/potato/early_blight/potato_early_blight_val_0002.jpg,val,potato,early_blight,potato_early_blight
dataset/val/potato/early_blight/potato_early_blight_val_0003.jpg,val,potato,early_blight,potato_early_blight
dataset/val/potato/early_blight/potato_early_blight_val_0004.jpg,val,potato,early_blight,potato_early_blight
dataset/val/potato/early_blight/potato_early_blight_val_0005.jpg,val,potato,early_blight,potato_early_blight
dataset/val/potato/early_blight/potato_early_blight_val_0006.jpg,val,potato,early_blight,potato_early_blight
dataset/val/potato/early_blight/potato_early_blight_val_0007.jpg,val,potato,early_blight,potato_early_blight
dataset/val/potato/early_blight/potato_early_blight_val_0008.jpg,val,potato,early_blight,potato_early_blight
dataset/val/potato/early_blight/potato_early_blight_val_0009.jpg,val,potato,early_blight,potato_early_blight
dataset/val/potato/early_blight/potato_early_blight_val_0010.jpg,val,potato,early_blight,potato_early_blight
dataset/val/potato/early_blight/potato_early_blight_val_0011.jpg,val,potato,early_blight,potato_early_blight
dataset/val/potato/early_blight/potato_early_blight_val_0012.jpg,val,potato,early_blight,potato_early_blight
dataset/val/potato/early_blight/potato_early_blight_val_0013.jpg,val,potato,early_blight,potato_early_blight
dataset/val/potato/early_blight/potato_early_blight_val_0014.jpg,val,potato,early_blight,potato_early_blight
dataset/val/potato/early_blight/potato_early_blight_val_0015.jpg,val,potato,early_blight,potato_early_blight
dataset/val/potato/early_blight/potato_early_blight_val_0016.jpg,val,potato,early_blight,potato_early_blight
dataset/val/potato/early_blight/potato_early_blight_val_0017.jpg,val,potato,early_blight,potato_early_blight
dataset/val/potato/early_blight/potato_early_blight_val_0018.jpg,val,potato,early_blight,potato_early_blight
dataset/val/potato/early_blight/potato_early_blight_val_0019.jpg,val,potato,early_blight,potato_early_blight
dataset/val/potato/early_blight/potato_early_blight_val_0020.jpg,val,potato,early_blight,potato_early_blight
dataset/val/potato/early_blight/potato_early_blight_val_0021.jpg,val,potato,early_blight,potato_early_blight
dataset/val/potato/early_blight/potato_early_blight_val_0022.jpg,val,potato,early_blight,potato_early_blight
dataset/test/potato/early_blight/potato_early_blight_test_0001.jpg,test,potato,early_blight,potato_early_blight
dataset/test/potato/early_blight/potato_early_blight_test_0002.jpg,test,potato,early_blight,potato_early_blight
dataset/test/potato/early_blight/potato_early_blight_test_0003.jpg,test,potato,early_blight,potato_early_blight
dataset/test/potato/early_blight/potato_early_blight_test_0004.jpg,test,potato,early_blight,potato_early_blight
dataset/test/potato/early_blight/potato_early_blight_test_0005.jpg,test,potato,early_blight,potato_early_blight
dataset/test/potato/early_blight/potato_early_blight_test_0006.jpg,test,potato,early_blight,potato_early_blight
dataset/test/potato/early_blight/potato_early_blight_test_0007.jpg,test,potato,early_blight,potato_early_blight
dataset/test/potato/early_blight/potato_early_blight_test_0008.jpg,test,potato,early_blight,potato_early_blight
dataset/test/potato/early_blight/potato_early_blight_test_0009.jpg,test,potato,early_blight,potato_early_blight
dataset/test/potato/early_blight/potato_early_blight_test_0010.jpg,test,potato,early_blight,potato_early_blight
dataset/test/potato/early_blight/potato_early_blight_test_0011.jpg,test,potato,early_blight,potato_early_blight
dataset/test/potato/early_blight/potato_early_blight_test_0012.jpg,test,potato,early_blight,potato_early_blight
dataset/test/potato/early_blight/potato_early_blight_test_0013.jpg,test,potato,early_blight,potato_early_blight
dataset/test/potato/early_blight/potato_early_blight_test_0014.jpg,test,potato,early_blight,potato_early_blight
dataset/test/potato/early_blight/potato_early_blight_test_0015.jpg,test,potato,early_blight,potato_early_blight
dataset/test/potato/early_blight/potato_early_blight_test_0016.jpg,test,potato,early_blight,potato_early_blight
dataset/test/potato/early_blight/potato_early_blight_test_0017.jpg,test,potato,early_blight,potato_early_blight
dataset/test/potato/early_blight/potato_early_blight_test_0018.jpg,test,potato,early_blight,potato_early_blight
dataset/test/potato/early_blight/potato_early_blight_test_0019.jpg,test,potato,early_blight,potato_early_blight
dataset/test/potato/early_blight/potato_early_blight_test_0020.jpg,test,potato,early_blight,potato_early_blight
dataset/test/potato/early_blight/potato_early_blight_test_0021.jpg,test,potato,early_blight,potato_early_blight
dataset/test/potato/early_blight/potato_early_blight_test_0022.jpg,test,potato,early_blight,potato_early_blight
dataset/test/potato/early_blight/potato_early_blight_test_0023.jpg,test,potato,early_blight,potato_early_blight
dataset/train/potato/late_blight/potato_late_blight_train_0001.jpg,train,potato,late_blight,potato_late_blight
dataset/train/potato/late_blight/potato_late_blight_train_0002.jpg,train,potato,late_blight,potato_late_blight
dataset/train/potato/late_blight/potato_late_blight_train_0003.jpg,train,potato,late_blight,potato_late_blight
dataset/train/potato/late_blight/potato_late_blight_train_0004.jpg,train,potato,late_blight,potato_late_blight
dataset/train/potato/late_blight/potato_late_blight_train_0005.jpg,train,potato,late_blight,potato_late_blight
dataset/train/potato/late_blight/potato_late_blight_train_0006.jpg,train,potato,late_blight,potato_late_blight
dataset/train/potato/late_blight/potato_late_blight_train_0007.jpg,train,potato,late_blight,potato_late_blight
dataset/train/potato/late_blight/potato_late_blight_train_0008.jpg,train,potato,late_blight,potato_late_blight
dataset/train/potato/late_blight/potato_late_blight_train_0009.jpg,train,potato,late_blight,potato_late_blight
dataset/train/potato/late_blight/potato_late_blight_train_0010.jpg,train,potato,late_blight,potato_late_blight
dataset/train/potato/late_blight/potato_late_blight_train_0011.jpg,train,potato,late_blight,potato_late_blight
dataset/train/potato/late_blight/potato_late_blight_train_0012.jpg,train,potato,late_blight,potato_late_blight
dataset/train/potato/late_blight/potato_late_blight_train_0013.jpg,train,potato,late_blight,potato_late_blight
dataset/train/potato/late_blight/potato_late_blight_train_0014.jpg,train,potato,late_blight,potato_late_blight
dataset/train/potato/late_blight/potato_late_blight_train_0015.jpg,train,potato,late_blight,potato_late_blight
dataset/train/potato/late_blight/potato_late_blight_train_0016.jpg,train,potato,late_blight,potato_late_blight
dataset/train/potato/late_blight/potato_late_blight_train_0017.jpg,train,potato,late_blight,potato_late_blight
dataset/train/potato/late_blight/potato_late_blight_train_0018.jpg,train,potato,late_blight,potato_late_blight
dataset/train/potato/late_blight/potato_late_blight_train_0019.jpg,train,potato,late_blight,potato_late_blight
dataset/train/potato/late_blight/potato_late_blight_train_0020.jpg,train,potato,late_blight,potato_late_blight
dataset/train/potato/late_blight/potato_late_blight_train_0021.jpg,train,potato,late_blight,potato_late_blight
dataset/train/potato/late_blight/potato_late_blight_train_0022.jpg,train,potato,late_blight,potato_late_blight
dataset/train/potato/late_blight/potato_late_blight_train_0023.jpg,train,potato,late_blight,potato_late_blight
dataset/train/potato/late_blight/potato_late_blight_train_0024.jpg,train,potato,late_blight,potato_late_blight
dataset/train/potato/late_blight/potato_late_blight_train_0025.jpg,train,potato,late_blight,potato_late_blight
dataset/train/potato/late_blight/potato_late_blight_train_0026.jpg,train,potato,late_blight,potato_late_blight
dataset/train/potato/late_blight/potato_late_blight_train_0027.jpg,train,potato,late_blight,potato_late_blight
dataset/train/potato/late_blight/potato_late_blight_train_0028.jpg,train,potato,late_blight,potato_late_blight
dataset/train/potato/late_blight/potato_late_blight_train_0029.jpg,train,potato,late_blight,potato_late_blight
dataset/train/potato/late_blight/potato_late_blight_train_0030.jpg,train,potato,late_blight,potato_late_blight
dataset/train/potato/late_blight/potato_late_blight_train_0031.jpg,train,potato,late_blight,potato_late_blight
dataset/train/potato/late_blight/potato_late_blight_train_0032.jpg,train,potato,late_blight,potato_late_blight
dataset/train/potato/late_blight/potato_late_blight_train_0033.jpg,train,potato,late_blight,potato_late_blight
dataset/train/potato/late_blight/potato_late_blight_train_0034.jpg,train,potato,late_blight,potato_late_blight
dataset/train/potato/late_blight/potato_late_blight_train_0035.jpg,train,potato,late_blight,potato_late_blight
dataset/train/potato/late_blight/potato_late_blight_train_0036.jpg,train,potato,late_blight,potato_late_blight
dataset/train/potato/late_blight/potato_late_blight_train_0037.jpg,train,potato,late_blight,potato_late_blight
dataset/train/potato/late_blight/potato_late_blight_train_0038.jpg,train,potato,late_blight,potato_late_blight
dataset/train/potato/late_blight/potato_late_blight_train_0039.jpg,train,potato,late_blight,potato_late_blight
dataset/train/potato/late_blight/potato_late_blight_train_0040.jpg,train,potato,late_blight,potato_late_blight
dataset/train/potato/late_blight/potato_late_blight_train_0041.jpg,train,potato,late_blight,potato_late_blight
dataset/train/potato/late_blight/potato_late_blight_train_0042.jpg,train,potato,late_blight,potato_late_blight
dataset/train/potato/late_blight/potato_late_blight_train_0043.jpg,train,potato,late_blight,potato_late_blight
dataset/train/potato/late_blight/potato_late_blight_train_0044.jpg,train,potato,late_blight,potato_late_blight
dataset/train/potato/late_blight/potato_late_blight_train_0045.jpg,train,potato,late_blight,potato_late_blight
dataset/train/potato/late_blight/potato_late_blight_train_0046.jpg,train,potato,late_blight,potato_late_blight
dataset/train/potato/late_blight/potato_late_blight_train_0047.jpg,train,potato,late_blight,potato_late_blight
dataset/train/potato/late_blight/potato_late_blight_train_0048.jpg,train,potato,late_blight,potato_late_blight
dataset/train/potato/late_blight/potato_late_blight_train_0049.jpg,train,potato,late_blight,potato_late_blight
dataset/train/potato/late_blight/potato_late_blight_train_0050.jpg,train,potato,late_blight,potato_late_blight
dataset/train/potato/late_blight/potato_late_blight_train_0051.jpg,train,potato,late_blight,potato_late_blight
dataset/train/potato/late_blight/potato_late_blight_train_0052.jpg,train,potato,late_blight,potato_late_blight
dataset/train/potato/late_blight/potato_late_blight_train_0053.jpg,train,potato,late_blight,potato_late_blight
dataset/train/potato/late_blight/potato_late_blight_train_0054.jpg,train,potato,late_blight,potato_late_blight
dataset/train/potato/late_blight/potato_late_blight_train_0055.jpg,train,potato,late_blight,potato_late_blight
dataset/train/potato/late_blight/potato_late_blight_train_0056.jpg,train,potato,late_blight,potato_late_blight
dataset/train/potato/late_blight/potato_late_blight_train_0057.jpg,train,potato,late_blight,potato_late_blight
dataset/train/potato/late_blight/potato_late_blight_train_0058.jpg,train,potato,late_blight,potato_late_blight
dataset/train/potato/late_blight/potato_late_blight_train_0059.jpg,train,potato,late_blight,potato_late_blight
dataset/train/potato/late_blight/potato_late_blight_train_0060.jpg,train,potato,late_blight,potato_late_blight
dataset/train/potato/late_blight/potato_late_blight_train_0061.jpg,train,potato,late_blight,potato_late_blight
dataset/train/potato/late_blight/potato_late_blight_train_0062.jpg,train,potato,late_blight,potato_late_blight
dataset/train/potato/late_blight/potato_late_blight_train_0063.jpg,train,potato,late_blight,potato_late_blight
dataset/train/potato/late_blight/potato_late_blight_train_0064.jpg,train,potato,late_blight,potato_late_blight
dataset/train/potato/late_blight/potato_late_blight_train_0065.jpg,train,potato,late_blight,potato_late_blight
dataset/train/potato/late_blight/potato_late_blight_train_0066.jpg,train,potato,late_blight,potato_late_blight
dataset/train/potato/late_blight/potato_late_blight_train_0067.jpg,train,potato,late_blight,potato_late_blight
dataset/train/potato/late_blight/potato_late_blight_train_0068.jpg,train,potato,late_blight,potato_late_blight
dataset/train/potato/late_blight/potato_late_blight_train_0069.jpg,train,potato,late_blight,potato_late_blight
dataset/train/potato/late_blight/potato_late_blight_train_0070.jpg,train,potato,late_blight,potato_late_blight
dataset/train/potato/late_blight/potato_late_blight_train_0071.jpg,train,potato,late_blight,potato_late_blight
dataset/train/potato/late_blight/potato_late_blight_train_0072.jpg,train,potato,late_blight,potato_late_blight
dataset/train/potato/late_blight/potato_late_blight_train_0073.jpg,train,potato,late_blight,potato_late_blight
dataset/train/potato/late_blight/potato_late_blight_train_0074.jpg,train,potato,late_blight,potato_late_blight
dataset/train/potato/late_blight/potato_late_blight_train_0075.jpg,train,potato,late_blight,potato_late_blight
dataset/train/potato/late_blight/potato_late_blight_train_0076.jpg,train,potato,late_blight,potato_late_blight
dataset/train/potato/late_blight/potato_late_blight_train_0077.jpg,train,potato,late_blight,potato_late_blight
dataset/train/potato/late_blight/potato_late_blight_train_0078.jpg,train,potato,late_blight,potato_late_blight
dataset/train/potato/late_blight/potato_late_blight_train_0079.jpg,train,potato,late_blight,potato_late_blight
dataset/train/potato/late_blight/potato_late_blight_train_0080.jpg,train,potato,late_blight,potato_late_blight
dataset/train/potato/late_blight/potato_late_blight_train_0081.jpg,train,potato,late_blight,potato_late_blight
dataset/train/potato/late_blight/potato_late_blight_train_0082.jpg,train,potato,late_blight,potato_late_blight
dataset/train/potato/late_blight/potato_late_blight_train_0083.jpg,train,potato,late_blight,potato_late_blight
dataset/train/potato/late_blight/potato_late_blight_train_0084.jpg,train,potato,late_blight,potato_late_blight
dataset/train/potato/late_blight/potato_late_blight_train_0085.jpg,train,potato,late_blight,potato_late_blight
dataset/train/potato/late_blight/potato_late_blight_train_0086.jpg,train,potato,late_blight,potato_late_blight
dataset/train/potato/late_blight/potato_late_blight_train_0087.jpg,train,potato,late_blight,potato_late_blight
dataset/train/potato/late_blight/potato_late_blight_train_0088.jpg,train,potato,late_blight,potato_late_blight
dataset/train/potato/late_blight/potato_late_blight_train_0089.jpg,train,potato,late_blight,potato_late_blight
dataset/train/potato/late_blight/potato_late_blight_train_0090.jpg,train,potato,late_blight,potato_late_blight
dataset/train/potato/late_blight/potato_late_blight_train_0091.jpg,train,potato,late_blight,potato_late_blight
dataset/train/potato/late_blight/potato_late_blight_train_0092.jpg,train,potato,late_blight,potato_late_blight
dataset/train/potato/late_blight/potato_late_blight_train_0093.jpg,train,potato,late_blight,potato_late_blight
dataset/train/potato/late_blight/potato_late_blight_train_0094.jpg,train,potato,late_blight,potato_late_blight
dataset/train/potato/late_blight/potato_late_blight_train_0095.jpg,train,potato,late_blight,potato_late_blight
dataset/train/potato/late_blight/potato_late_blight_train_0096.jpg,train,potato,late_blight,potato_late_blight
dataset/train/potato/late_blight/potato_late_blight_train_0097.jpg,train,potato,late_blight,potato_late_blight
dataset/train/potato/late_blight/potato_late_blight_train_0098.jpg,train,potato,late_blight,potato_late_blight
dataset/train/potato/late_blight/potato_late_blight_train_0099.jpg,train,potato,late_blight,potato_late_blight
dataset/train/potato/late_blight/potato_late_blight_train_0100.jpg,train,potato,late_blight,potato_late_blight
dataset/train/potato/late_blight/potato_late_blight_train_0101.jpg,train,potato,late_blight,potato_late_blight
dataset/train/potato/late_blight/potato_late_blight_train_0102.jpg,train,potato,late_blight,potato_late_blight
dataset/train/potato/late_blight/potato_late_blight_train_0103.jpg,train,potato,late_blight,potato_late_blight
dataset/train/potato/late_blight/potato_late_blight_train_0104.jpg,train,potato,late_blight,potato_late_blight
dataset/train/potato/late_blight/potato_late_blight_train_0105.jpg,train,potato,late_blight,potato_late_blight
dataset/val/potato/late_blight/potato_late_blight_val_0001.jpg,val,potato,late_blight,potato_late_blight
dataset/val/potato/late_blight/potato_late_blight_val_0002.jpg,val,potato,late_blight,potato_late_blight
dataset/val/potato/late_blight/potato_late_blight_val_0003.jpg,val,potato,late_blight,potato_late_blight
dataset/val/potato/late_blight/potato_late_blight_val_0004.jpg,val,potato,late_blight,potato_late_blight
dataset/val/potato/late_blight/potato_late_blight_val_0005.jpg,val,potato,late_blight,potato_late_blight
dataset/val/potato/late_blight/potato_late_blight_val_0006.jpg,val,potato,late_blight,potato_late_blight
dataset/val/potato/late_blight/potato_late_blight_val_0007.jpg,val,potato,late_blight,potato_late_blight
dataset/val/potato/late_blight/potato_late_blight_val_0008.jpg,val,potato,late_blight,potato_late_blight
dataset/val/potato/late_blight/potato_late_blight_val_0009.jpg,val,potato,late_blight,potato_late_blight
dataset/val/potato/late_blight/potato_late_blight_val_0010.jpg,val,potato,late_blight,potato_late_blight
dataset/val/potato/late_blight/potato_late_blight_val_0011.jpg,val,potato,late_blight,potato_late_blight
dataset/val/potato/late_blight/potato_late_blight_val_0012.jpg,val,potato,late_blight,potato_late_blight
dataset/val/potato/late_blight/potato_late_blight_val_0013.jpg,val,potato,late_blight,potato_late_blight
dataset/val/potato/late_blight/potato_late_blight_val_0014.jpg,val,potato,late_blight,potato_late_blight
dataset/val/potato/late_blight/potato_late_blight_val_0015.jpg,val,potato,late_blight,potato_late_blight
dataset/val/potato/late_blight/potato_late_blight_val_0016.jpg,val,potato,late_blight,potato_late_blight
dataset/val/potato/late_blight/potato_late_blight_val_0017.jpg,val,potato,late_blight,potato_late_blight
dataset/val/potato/late_blight/potato_late_blight_val_0018.jpg,val,potato,late_blight,potato_late_blight
dataset/val/potato/late_blight/potato_late_blight_val_0019.jpg,val,potato,late_blight,potato_late_blight
dataset/val/potato/late_blight/potato_late_blight_val_0020.jpg,val,potato,late_blight,potato_late_blight
dataset/val/potato/late_blight/potato_late_blight_val_0021.jpg,val,potato,late_blight,potato_late_blight
dataset/val/potato/late_blight/potato_late_blight_val_0022.jpg,val,potato,late_blight,potato_late_blight
dataset/test/potato/late_blight/potato_late_blight_test_0001.jpg,test,potato,late_blight,potato_late_blight
dataset/test/potato/late_blight/potato_late_blight_test_0002.jpg,test,potato,late_blight,potato_late_blight
dataset/test/potato/late_blight/potato_late_blight_test_0003.jpg,test,potato,late_blight,potato_late_blight
dataset/test/potato/late_blight/potato_late_blight_test_0004.jpg,test,potato,late_blight,potato_late_blight
dataset/test/potato/late_blight/potato_late_blight_test_0005.jpg,test,potato,late_blight,potato_late_blight
dataset/test/potato/late_blight/potato_late_blight_test_0006.jpg,test,potato,late_blight,potato_late_blight
dataset/test/potato/late_blight/potato_late_blight_test_0007.jpg,test,potato,late_blight,potato_late_blight
dataset/test/potato/late_blight/potato_late_blight_test_0008.jpg,test,potato,late_blight,potato_late_blight
dataset/test/potato/late_blight/potato_late_blight_test_0009.jpg,test,potato,late_blight,potato_late_blight
dataset/test/potato/late_blight/potato_late_blight_test_0010.jpg,test,potato,late_blight,potato_late_blight
dataset/test/potato/late_blight/potato_late_blight_test_0011.jpg,test,potato,late_blight,potato_late_blight
dataset/test/potato/late_blight/potato_late_blight_test_0012.jpg,test,potato,late_blight,potato_late_blight
dataset/test/potato/late_blight/potato_late_blight_test_0013.jpg,test,potato,late_blight,potato_late_blight
dataset/test/potato/late_blight/potato_late_blight_test_0014.jpg,test,potato,late_blight,potato_late_blight
dataset/test/potato/late_blight/potato_late_blight_test_0015.jpg,test,potato,late_blight,potato_late_blight
dataset/test/potato/late_blight/potato_late_blight_test_0016.jpg,test,potato,late_blight,potato_late_blight
dataset/test/potato/late_blight/potato_late_blight_test_0017.jpg,test,potato,late_blight,potato_late_blight
dataset/test/potato/late_blight/potato_late_blight_test_0018.jpg,test,potato,late_blight,potato_late_blight
dataset/test/potato/late_blight/potato_late_blight_test_0019.jpg,test,potato,late_blight,potato_late_blight
dataset/test/potato/late_blight/potato_late_blight_test_0020.jpg,test,potato,late_blight,potato_late_blight
dataset/test/potato/late_blight/potato_late_blight_test_0021.jpg,test,potato,late_blight,potato_late_blight
dataset/test/potato/late_blight/potato_late_blight_test_0022.jpg,test,potato,late_blight,potato_late_blight
dataset/test/potato/late_blight/potato_late_blight_test_0023.jpg,test,potato,late_blight,potato_late_blight
dataset/train/potato/black_scurf/potato_black_scurf_train_0001.jpg,train,potato,black_scurf,potato_black_scurf
dataset/train/potato/black_scurf/potato_black_scurf_train_0002.jpg,train,potato,black_scurf,potato_black_scurf
dataset/train/potato/black_scurf/potato_black_scurf_train_0003.jpg,train,potato,black_scurf,potato_black_scurf
dataset/train/potato/black_scurf/potato_black_scurf_train_0004.jpg,train,potato,black_scurf,potato_black_scurf
dataset/train/potato/black_scurf/potato_black_scurf_train_0005.jpg,train,potato,black_scurf,potato_black_scurf
dataset/train/potato/black_scurf/potato_black_scurf_train_0006.jpg,train,potato,black_scurf,potato_black_scurf
dataset/train/potato/black_scurf/potato_black_scurf_train_0007.jpg,train,potato,black_scurf,potato_black_scurf
dataset/train/potato/black_scurf/potato_black_scurf_train_0008.jpg,train,potato,black_scurf,potato_black_scurf
dataset/train/potato/black_scurf/potato_black_scurf_train_0009.jpg,train,potato,black_scurf,potato_black_scurf
dataset/train/potato/black_scurf/potato_black_scurf_train_0010.jpg,train,potato,black_scurf,potato_black_scurf
dataset/train/potato/black_scurf/potato_black_scurf_train_0011.jpg,train,potato,black_scurf,potato_black_scurf
dataset/train/potato/black_scurf/potato_black_scurf_train_0012.jpg,train,potato,black_scurf,potato_black_scurf
dataset/train/potato/black_scurf/potato_black_scurf_train_0013.jpg,train,potato,black_scurf,potato_black_scurf
dataset/train/potato/black_scurf/potato_black_scurf_train_0014.jpg,train,potato,black_scurf,potato_black_scurf
dataset/train/potato/black_scurf/potato_black_scurf_train_0015.jpg,train,potato,black_scurf,potato_black_scurf
dataset/train/potato/black_scurf/potato_black_scurf_train_0016.jpg,train,potato,black_scurf,potato_black_scurf
dataset/train/potato/black_scurf/potato_black_scurf_train_0017.jpg,train,potato,black_scurf,potato_black_scurf
dataset/train/potato/black_scurf/potato_black_scurf_train_0018.jpg,train,potato,black_scurf,potato_black_scurf
dataset/train/potato/black_scurf/potato_black_scurf_train_0019.jpg,train,potato,black_scurf,potato_black_scurf
dataset/train/potato/black_scurf/potato_black_scurf_train_0020.jpg,train,potato,black_scurf,potato_black_scurf
dataset/train/potato/black_scurf/potato_black_scurf_train_0021.jpg,train,potato,black_scurf,potato_black_scurf
dataset/train/potato/black_scurf/potato_black_scurf_train_0022.jpg,train,potato,black_scurf,potato_black_scurf
dataset/train/potato/black_scurf/potato_black_scurf_train_0023.jpg,train,potato,black_scurf,potato_black_scurf
dataset/train/potato/black_scurf/potato_black_scurf_train_0024.jpg,train,potato,black_scurf,potato_black_scurf
dataset/train/potato/black_scurf/potato_black_scurf_train_0025.jpg,train,potato,black_scurf,potato_black_scurf
dataset/train/potato/black_scurf/potato_black_scurf_train_0026.jpg,train,potato,black_scurf,potato_black_scurf
dataset/train/potato/black_scurf/potato_black_scurf_train_0027.jpg,train,potato,black_scurf,potato_black_scurf
dataset/train/potato/black_scurf/potato_black_scurf_train_0028.jpg,train,potato,black_scurf,potato_black_scurf
dataset/train/potato/black_scurf/potato_black_scurf_train_0029.jpg,train,potato,black_scurf,potato_black_scurf
dataset/train/potato/black_scurf/potato_black_scurf_train_0030.jpg,train,potato,black_scurf,potato_black_scurf
dataset/train/potato/black_scurf/potato_black_scurf_train_0031.jpg,train,potato,black_scurf,potato_black_scurf
dataset/train/potato/black_scurf/potato_black_scurf_train_0032.jpg,train,potato,black_scurf,potato_black_scurf
dataset/train/potato/black_scurf/potato_black_scurf_train_0033.jpg,train,potato,black_scurf,potato_black_scurf
dataset/train/potato/black_scurf/potato_black_scurf_train_0034.jpg,train,potato,black_scurf,potato_black_scurf
dataset/train/potato/black_scurf/potato_black_scurf_train_0035.jpg,train,potato,black_scurf,potato_black_scurf
dataset/train/potato/black_scurf/potato_black_scurf_train_0036.jpg,train,potato,black_scurf,potato_black_scurf
dataset/train/potato/black_scurf/potato_black_scurf_train_0037.jpg,train,potato,black_scurf,potato_black_scurf
dataset/train/potato/black_scurf/potato_black_scurf_train_0038.jpg,train,potato,black_scurf,potato_black_scurf
dataset/train/potato/black_scurf/potato_black_scurf_train_0039.jpg,train,potato,black_scurf,potato_black_scurf
dataset/train/potato/black_scurf/potato_black_scurf_train_0040.jpg,train,potato,black_scurf,potato_black_scurf
dataset/train/potato/black_scurf/potato_black_scurf_train_0041.jpg,train,potato,black_scurf,potato_black_scurf
dataset/train/potato/black_scurf/potato_black_scurf_train_0042.jpg,train,potato,black_scurf,potato_black_scurf
dataset/train/potato/black_scurf/potato_black_scurf_train_0043.jpg,train,potato,black_scurf,potato_black_scurf
dataset/train/potato/black_scurf/potato_black_scurf_train_0044.jpg,train,potato,black_scurf,potato_black_scurf
dataset/train/potato/black_scurf/potato_black_scurf_train_0045.jpg,train,potato,black_scurf,potato_black_scurf
dataset/train/potato/black_scurf/potato_black_scurf_train_0046.jpg,train,potato,black_scurf,potato_black_scurf
dataset/train/potato/black_scurf/potato_black_scurf_train_0047.jpg,train,potato,black_scurf,potato_black_scurf
dataset/train/potato/black_scurf/potato_black_scurf_train_0048.jpg,train,potato,black_scurf,potato_black_scurf
dataset/train/potato/black_scurf/potato_black_scurf_train_0049.jpg,train,potato,black_scurf,potato_black_scurf
dataset/train/potato/black_scurf/potato_black_scurf_train_0050.jpg,train,potato,black_scurf,potato_black_scurf
dataset/train/potato/black_scurf/potato_black_scurf_train_0051.jpg,train,potato,black_scurf,potato_black_scurf
dataset/train/potato/black_scurf/potato_black_scurf_train_0052.jpg,train,potato,black_scurf,potato_black_scurf
dataset/train/potato/black_scurf/potato_black_scurf_train_0053.jpg,train,potato,black_scurf,potato_black_scurf
dataset/train/potato/black_scurf/potato_black_scurf_train_0054.jpg,train,potato,black_scurf,potato_black_scurf
dataset/train/potato/black_scurf/potato_black_scurf_train_0055.jpg,train,potato,black_scurf,potato_black_scurf
dataset/train/potato/black_scurf/potato_black_scurf_train_0056.jpg,train,potato,black_scurf,potato_black_scurf
dataset/train/potato/black_scurf/potato_black_scurf_train_0057.jpg,train,potato,black_scurf,potato_black_scurf
dataset/train/potato/black_scurf/potato_black_scurf_train_0058.jpg,train,potato,black_scurf,potato_black_scurf
dataset/train/potato/black_scurf/potato_black_scurf_train_0059.jpg,train,potato,black_scurf,potato_black_scurf
dataset/train/potato/black_scurf/potato_black_scurf_train_0060.jpg,train,potato,black_scurf,potato_black_scurf
dataset/train/potato/black_scurf/potato_black_scurf_train_0061.jpg,train,potato,black_scurf,potato_black_scurf
dataset/train/potato/black_scurf/potato_black_scurf_train_0062.jpg,train,potato,black_scurf,potato_black_scurf
dataset/train/potato/black_scurf/potato_black_scurf_train_0063.jpg,train,potato,black_scurf,potato_black_scurf
dataset/train/potato/black_scurf/potato_black_scurf_train_0064.jpg,train,potato,black_scurf,potato_black_scurf
dataset/train/potato/black_scurf/potato_black_scurf_train_0065.jpg,train,potato,black_scurf,potato_black_scurf
dataset/train/potato/black_scurf/potato_black_scurf_train_0066.jpg,train,potato,black_scurf,potato_black_scurf
dataset/train/potato/black_scurf/potato_black_scurf_train_0067.jpg,train,potato,black_scurf,potato_black_scurf
dataset/train/potato/black_scurf/potato_black_scurf_train_0068.jpg,train,potato,black_scurf,potato_black_scurf
dataset/train/potato/black_scurf/potato_black_scurf_train_0069.jpg,train,potato,black_scurf,potato_black_scurf
dataset/train/potato/black_scurf/potato_black_scurf_train_0070.jpg,train,potato,black_scurf,potato_black_scurf
dataset/train/potato/black_scurf/potato_black_scurf_train_0071.jpg,train,potato,black_scurf,potato_black_scurf
dataset/train/potato/black_scurf/potato_black_scurf_train_0072.jpg,train,potato,black_scurf,potato_black_scurf
dataset/train/potato/black_scurf/potato_black_scurf_train_0073.jpg,train,potato,black_scurf,potato_black_scurf
dataset/train/potato/black_scurf/potato_black_scurf_train_0074.jpg,train,potato,black_scurf,potato_black_scurf
dataset/train/potato/black_scurf/potato_black_scurf_train_0075.jpg,train,potato,black_scurf,potato_black_scurf
dataset/train/potato/black_scurf/potato_black_scurf_train_0076.jpg,train,potato,black_scurf,potato_black_scurf
dataset/train/potato/black_scurf/potato_black_scurf_train_0077.jpg,train,potato,black_scurf,potato_black_scurf
dataset/train/potato/black_scurf/potato_black_scurf_train_0078.jpg,train,potato,black_scurf,potato_black_scurf
dataset/train/potato/black_scurf/potato_black_scurf_train_0079.jpg,train,potato,black_scurf,potato_black_scurf
dataset/train/potato/black_scurf/potato_black_scurf_train_0080.jpg,train,potato,black_scurf,potato_black_scurf
dataset/train/potato/black_scurf/potato_black_scurf_train_0081.jpg,train,potato,black_scurf,potato_black_scurf
dataset/train/potato/black_scurf/potato_black_scurf_train_0082.jpg,train,potato,black_scurf,potato_black_scurf
dataset/train/potato/black_scurf/potato_black_scurf_train_0083.jpg,train,potato,black_scurf,potato_black_scurf
dataset/train/potato/black_scurf/potato_black_scurf_train_0084.jpg,train,potato,black_scurf,potato_black_scurf
dataset/train/potato/black_scurf/potato_black_scurf_train_0085.jpg,train,potato,black_scurf,potato_black_scurf
dataset/train/potato/black_scurf/potato_black_scurf_train_0086.jpg,train,potato,black_scurf,potato_black_scurf
dataset/train/potato/black_scurf/potato_black_scurf_train_0087.jpg,train,potato,black_scurf,potato_black_scurf
dataset/train/potato/black_scurf/potato_black_scurf_train_0088.jpg,train,potato,black_scurf,potato_black_scurf
dataset/train/potato/black_scurf/potato_black_scurf_train_0089.jpg,train,potato,black_scurf,potato_black_scurf
dataset/train/potato/black_scurf/potato_black_scurf_train_0090.jpg,train,potato,black_scurf,potato_black_scurf
dataset/train/potato/black_scurf/potato_black_scurf_train_0091.jpg,train,potato,black_scurf,potato_black_scurf
dataset/train/potato/black_scurf/potato_black_scurf_train_0092.jpg,train,potato,black_scurf,potato_black_scurf
dataset/train/potato/black_scurf/potato_black_scurf_train_0093.jpg,train,potato,black_scurf,potato_black_scurf
dataset/train/potato/black_scurf/potato_black_scurf_train_0094.jpg,train,potato,black_scurf,potato_black_scurf
dataset/train/potato/black_scurf/potato_black_scurf_train_0095.jpg,train,potato,black_scurf,potato_black_scurf
dataset/train/potato/black_scurf/potato_black_scurf_train_0096.jpg,train,potato,black_scurf,potato_black_scurf
dataset/train/potato/black_scurf/potato_black_scurf_train_0097.jpg,train,potato,black_scurf,potato_black_scurf
dataset/train/potato/black_scurf/potato_black_scurf_train_0098.jpg,train,potato,black_scurf,potato_black_scurf
dataset/train/potato/black_scurf/potato_black_scurf_train_0099.jpg,train,potato,black_scurf,potato_black_scurf
dataset/train/potato/black_scurf/potato_black_scurf_train_0100.jpg,train,potato,black_scurf,potato_black_scurf
dataset/train/potato/black_scurf/potato_black_scurf_train_0101.jpg,train,potato,black_scurf,potato_black_scurf
dataset/train/potato/black_scurf/potato_black_scurf_train_0102.jpg,train,potato,black_scurf,potato_black_scurf
dataset/train/potato/black_scurf/potato_black_scurf_train_0103.jpg,train,potato,black_scurf,potato_black_scurf
dataset/train/potato/black_scurf/potato_black_scurf_train_0104.jpg,train,potato,black_scurf,potato_black_scurf
dataset/train/potato/black_scurf/potato_black_scurf_train_0105.jpg,train,potato,black_scurf,potato_black_scurf
dataset/val/potato/black_scurf/potato_black_scurf_val_0001.jpg,val,potato,black_scurf,potato_black_scurf
dataset/val/potato/black_scurf/potato_black_scurf_val_0002.jpg,val,potato,black_scurf,potato_black_scurf
dataset/val/potato/black_scurf/potato_black_scurf_val_0003.jpg,val,potato,black_scurf,potato_black_scurf
dataset/val/potato/black_scurf/potato_black_scurf_val_0004.jpg,val,potato,black_scurf,potato_black_scurf
dataset/val/potato/black_scurf/potato_black_scurf_val_0005.jpg,val,potato,black_scurf,potato_black_scurf
dataset/val/potato/black_scurf/potato_black_scurf_val_0006.jpg,val,potato,black_scurf,potato_black_scurf
dataset/val/potato/black_scurf/potato_black_scurf_val_0007.jpg,val,potato,black_scurf,potato_black_scurf
dataset/val/potato/black_scurf/potato_black_scurf_val_0008.jpg,val,potato,black_scurf,potato_black_scurf
dataset/val/potato/black_scurf/potato_black_scurf_val_0009.jpg,val,potato,black_scurf,potato_black_scurf
dataset/val/potato/black_scurf/potato_black_scurf_val_0010.jpg,val,potato,black_scurf,potato_black_scurf
dataset/val/potato/black_scurf/potato_black_scurf_val_0011.jpg,val,potato,black_scurf,potato_black_scurf
dataset/val/potato/black_scurf/potato_black_scurf_val_0012.jpg,val,potato,black_scurf,potato_black_scurf
dataset/val/potato/black_scurf/potato_black_scurf_val_0013.jpg,val,potato,black_scurf,potato_black_scurf
dataset/val/potato/black_scurf/potato_black_scurf_val_0014.jpg,val,potato,black_scurf,potato_black_scurf
dataset/val/potato/black_scurf/potato_black_scurf_val_0015.jpg,val,potato,black_scurf,potato_black_scurf
dataset/val/potato/black_scurf/potato_black_scurf_val_0016.jpg,val,potato,black_scurf,potato_black_scurf
dataset/val/potato/black_scurf/potato_black_scurf_val_0017.jpg,val,potato,black_scurf,potato_black_scurf
dataset/val/potato/black_scurf/potato_black_scurf_val_0018.jpg,val,potato,black_scurf,potato_black_scurf
dataset/val/potato/black_scurf/potato_black_scurf_val_0019.jpg,val,potato,black_scurf,potato_black_scurf
dataset/val/potato/black_scurf/potato_black_scurf_val_0020.jpg,val,potato,black_scurf,potato_black_scurf
dataset/val/potato/black_scurf/potato_black_scurf_val_0021.jpg,val,potato,black_scurf,potato_black_scurf
dataset/val/potato/black_scurf/potato_black_scurf_val_0022.jpg,val,potato,black_scurf,potato_black_scurf
dataset/test/potato/black_scurf/potato_black_scurf_test_0001.jpg,test,potato,black_scurf,potato_black_scurf
dataset/test/potato/black_scurf/potato_black_scurf_test_0002.jpg,test,potato,black_scurf,potato_black_scurf
dataset/test/potato/black_scurf/potato_black_scurf_test_0003.jpg,test,potato,black_scurf,potato_black_scurf
dataset/test/potato/black_scurf/potato_black_scurf_test_0004.jpg,test,potato,black_scurf,potato_black_scurf
dataset/test/potato/black_scurf/potato_black_scurf_test_0005.jpg,test,potato,black_scurf,potato_black_scurf
dataset/test/potato/black_scurf/potato_black_scurf_test_0006.jpg,test,potato,black_scurf,potato_black_scurf
dataset/test/potato/black_scurf/potato_black_scurf_test_0007.jpg,test,potato,black_scurf,potato_black_scurf
dataset/test/potato/black_scurf/potato_black_scurf_test_0008.jpg,test,potato,black_scurf,potato_black_scurf
dataset/test/potato/black_scurf/potato_black_scurf_test_0009.jpg,test,potato,black_scurf,potato_black_scurf
dataset/test/potato/black_scurf/potato_black_scurf_test_0010.jpg,test,potato,black_scurf,potato_black_scurf
dataset/test/potato/black_scurf/potato_black_scurf_test_0011.jpg,test,potato,black_scurf,potato_black_scurf
dataset/test/potato/black_scurf/potato_black_scurf_test_0012.jpg,test,potato,black_scurf,potato_black_scurf
dataset/test/potato/black_scurf/potato_black_scurf_test_0013.jpg,test,potato,black_scurf,potato_black_scurf
dataset/test/potato/black_scurf/potato_black_scurf_test_0014.jpg,test,potato,black_scurf,potato_black_scurf
dataset/test/potato/black_scurf/potato_black_scurf_test_0015.jpg,test,potato,black_scurf,potato_black_scurf
dataset/test/potato/black_scurf/potato_black_scurf_test_0016.jpg,test,potato,black_scurf,potato_black_scurf
dataset/test/potato/black_scurf/potato_black_scurf_test_0017.jpg,test,potato,black_scurf,potato_black_scurf
dataset/test/potato/black_scurf/potato_black_scurf_test_0018.jpg,test,potato,black_scurf,potato_black_scurf
dataset/test/potato/black_scurf/potato_black_scurf_test_0019.jpg,test,potato,black_scurf,potato_black_scurf
dataset/test/potato/black_scurf/potato_black_scurf_test_0020.jpg,test,potato,black_scurf,potato_black_scurf
dataset/test/potato/black_scurf/potato_black_scurf_test_0021.jpg,test,potato,black_scurf,potato_black_scurf
dataset/test/potato/black_scurf/potato_black_scurf_test_0022.jpg,test,potato,black_scurf,potato_black_scurf
dataset/test/potato/black_scurf/potato_black_scurf_test_0023.jpg,test,potato,black_scurf,potato_black_scurf
dataset/train/potato/healthy/potato_healthy_train_0001.jpg,train,potato,healthy,potato_healthy
dataset/train/potato/healthy/potato_healthy_train_0002.jpg,train,potato,healthy,potato_healthy
dataset/train/potato/healthy/potato_healthy_train_0003.jpg,train,potato,healthy,potato_healthy
dataset/train/potato/healthy/potato_healthy_train_0004.jpg,train,potato,healthy,potato_healthy
dataset/train/potato/healthy/potato_healthy_train_0005.jpg,train,potato,healthy,potato_healthy
dataset/train/potato/healthy/potato_healthy_train_0006.jpg,train,potato,healthy,potato_healthy
dataset/train/potato/healthy/potato_healthy_train_0007.jpg,train,potato,healthy,potato_healthy
dataset/train/potato/healthy/potato_healthy_train_0008.jpg,train,potato,healthy,potato_healthy
dataset/train/potato/healthy/potato_healthy_train_0009.jpg,train,potato,healthy,potato_healthy
dataset/train/potato/healthy/potato_healthy_train_0010.jpg,train,potato,healthy,potato_healthy
dataset/train/potato/healthy/potato_healthy_train_0011.jpg,train,potato,healthy,potato_healthy
dataset/train/potato/healthy/potato_healthy_train_0012.jpg,train,potato,healthy,potato_healthy
dataset/train/potato/healthy/potato_healthy_train_0013.jpg,train,potato,healthy,potato_healthy
dataset/train/potato/healthy/potato_healthy_train_0014.jpg,train,potato,healthy,potato_healthy
dataset/train/potato/healthy/potato_healthy_train_0015.jpg,train,potato,healthy,potato_healthy
dataset/train/potato/healthy/potato_healthy_train_0016.jpg,train,potato,healthy,potato_healthy
dataset/train/potato/healthy/potato_healthy_train_0017.jpg,train,potato,healthy,potato_healthy
dataset/train/potato/healthy/potato_healthy_train_0018.jpg,train,potato,healthy,potato_healthy
dataset/train/potato/healthy/potato_healthy_train_0019.jpg,train,potato,healthy,potato_healthy
dataset/train/potato/healthy/potato_healthy_train_0020.jpg,train,potato,healthy,potato_healthy
dataset/train/potato/healthy/potato_healthy_train_0021.jpg,train,potato,healthy,potato_healthy
dataset/train/potato/healthy/potato_healthy_train_0022.jpg,train,potato,healthy,potato_healthy
dataset/train/potato/healthy/potato_healthy_train_0023.jpg,train,potato,healthy,potato_healthy
dataset/train/potato/healthy/potato_healthy_train_0024.jpg,train,potato,healthy,potato_healthy
dataset/train/potato/healthy/potato_healthy_train_0025.jpg,train,potato,healthy,potato_healthy
dataset/train/potato/healthy/potato_healthy_train_0026.jpg,train,potato,healthy,potato_healthy
dataset/train/potato/healthy/potato_healthy_train_0027.jpg,train,potato,healthy,potato_healthy
dataset/train/potato/healthy/potato_healthy_train_0028.jpg,train,potato,healthy,potato_healthy
dataset/train/potato/healthy/potato_healthy_train_0029.jpg,train,potato,healthy,potato_healthy
dataset/train/potato/healthy/potato_healthy_train_0030.jpg,train,potato,healthy,potato_healthy
dataset/train/potato/healthy/potato_healthy_train_0031.jpg,train,potato,healthy,potato_healthy
dataset/train/potato/healthy/potato_healthy_train_0032.jpg,train,potato,healthy,potato_healthy
dataset/train/potato/healthy/potato_healthy_train_0033.jpg,train,potato,healthy,potato_healthy
dataset/train/potato/healthy/potato_healthy_train_0034.jpg,train,potato,healthy,potato_healthy
dataset/train/potato/healthy/potato_healthy_train_0035.jpg,train,potato,healthy,potato_healthy
dataset/train/potato/healthy/potato_healthy_train_0036.jpg,train,potato,healthy,potato_healthy
dataset/train/potato/healthy/potato_healthy_train_0037.jpg,train,potato,healthy,potato_healthy
dataset/train/potato/healthy/potato_healthy_train_0038.jpg,train,potato,healthy,potato_healthy
dataset/train/potato/healthy/potato_healthy_train_0039.jpg,train,potato,healthy,potato_healthy
dataset/train/potato/healthy/potato_healthy_train_0040.jpg,train,potato,healthy,potato_healthy
dataset/train/potato/healthy/potato_healthy_train_0041.jpg,train,potato,healthy,potato_healthy
dataset/train/potato/healthy/potato_healthy_train_0042.jpg,train,potato,healthy,potato_healthy
dataset/train/potato/healthy/potato_healthy_train_0043.jpg,train,potato,healthy,potato_healthy
dataset/train/potato/healthy/potato_healthy_train_0044.jpg,train,potato,healthy,potato_healthy
dataset/train/potato/healthy/potato_healthy_train_0045.jpg,train,potato,healthy,potato_healthy
dataset/train/potato/healthy/potato_healthy_train_0046.jpg,train,potato,healthy,potato_healthy
dataset/train/potato/healthy/potato_healthy_train_0047.jpg,train,potato,healthy,potato_healthy
dataset/train/potato/healthy/potato_healthy_train_0048.jpg,train,potato,healthy,potato_healthy
dataset/train/potato/healthy/potato_healthy_train_0049.jpg,train,potato,healthy,potato_healthy
dataset/train/potato/healthy/potato_healthy_train_0050.jpg,train,potato,healthy,potato_healthy
dataset/train/potato/healthy/potato_healthy_train_0051.jpg,train,potato,healthy,potato_healthy
dataset/train/potato/healthy/potato_healthy_train_0052.jpg,train,potato,healthy,potato_healthy
dataset/train/potato/healthy/potato_healthy_train_0053.jpg,train,potato,healthy,potato_healthy
dataset/train/potato/healthy/potato_healthy_train_0054.jpg,train,potato,healthy,potato_healthy
dataset/train/potato/healthy/potato_healthy_train_0055.jpg,train,potato,healthy,potato_healthy
dataset/train/potato/healthy/potato_healthy_train_0056.jpg,train,potato,healthy,potato_healthy
dataset/train/potato/healthy/potato_healthy_train_0057.jpg,train,potato,healthy,potato_healthy
dataset/train/potato/healthy/potato_healthy_train_0058.jpg,train,potato,healthy,potato_healthy
dataset/train/potato/healthy/potato_healthy_train_0059.jpg,train,potato,healthy,potato_healthy
dataset/train/potato/healthy/potato_healthy_train_0060.jpg,train,potato,healthy,potato_healthy
dataset/train/potato/healthy/potato_healthy_train_0061.jpg,train,potato,healthy,potato_healthy
dataset/train/potato/healthy/potato_healthy_train_0062.jpg,train,potato,healthy,potato_healthy
dataset/train/potato/healthy/potato_healthy_train_0063.jpg,train,potato,healthy,potato_healthy
dataset/train/potato/healthy/potato_healthy_train_0064.jpg,train,potato,healthy,potato_healthy
dataset/train/potato/healthy/potato_healthy_train_0065.jpg,train,potato,healthy,potato_healthy
dataset/train/potato/healthy/potato_healthy_train_0066.jpg,train,potato,healthy,potato_healthy
dataset/train/potato/healthy/potato_healthy_train_0067.jpg,train,potato,healthy,potato_healthy
dataset/train/potato/healthy/potato_healthy_train_0068.jpg,train,potato,healthy,potato_healthy
dataset/train/potato/healthy/potato_healthy_train_0069.jpg,train,potato,healthy,potato_healthy
dataset/train/potato/healthy/potato_healthy_train_0070.jpg,train,potato,healthy,potato_healthy
dataset/train/potato/healthy/potato_healthy_train_0071.jpg,train,potato,healthy,potato_healthy
dataset/train/potato/healthy/potato_healthy_train_0072.jpg,train,potato,healthy,potato_healthy
dataset/train/potato/healthy/potato_healthy_train_0073.jpg,train,potato,healthy,potato_healthy
dataset/train/potato/healthy/potato_healthy_train_0074.jpg,train,potato,healthy,potato_healthy
dataset/train/potato/healthy/potato_healthy_train_0075.jpg,train,potato,healthy,potato_healthy
dataset/train/potato/healthy/potato_healthy_train_0076.jpg,train,potato,healthy,potato_healthy
dataset/train/potato/healthy/potato_healthy_train_0077.jpg,train,potato,healthy,potato_healthy
dataset/train/potato/healthy/potato_healthy_train_0078.jpg,train,potato,healthy,potato_healthy
dataset/train/potato/healthy/potato_healthy_train_0079.jpg,train,potato,healthy,potato_healthy
dataset/train/potato/healthy/potato_healthy_train_0080.jpg,train,potato,healthy,potato_healthy
dataset/train/potato/healthy/potato_healthy_train_0081.jpg,train,potato,healthy,potato_healthy
dataset/train/potato/healthy/potato_healthy_train_0082.jpg,train,potato,healthy,potato_healthy
dataset/train/potato/healthy/potato_healthy_train_0083.jpg,train,potato,healthy,potato_healthy
dataset/train/potato/healthy/potato_healthy_train_0084.jpg,train,potato,healthy,potato_healthy
dataset/train/potato/healthy/potato_healthy_train_0085.jpg,train,potato,healthy,potato_healthy
dataset/train/potato/healthy/potato_healthy_train_0086.jpg,train,potato,healthy,potato_healthy
dataset/train/potato/healthy/potato_healthy_train_0087.jpg,train,potato,healthy,potato_healthy
dataset/train/potato/healthy/potato_healthy_train_0088.jpg,train,potato,healthy,potato_healthy
dataset/train/potato/healthy/potato_healthy_train_0089.jpg,train,potato,healthy,potato_healthy
dataset/train/potato/healthy/potato_healthy_train_0090.jpg,train,potato,healthy,potato_healthy
dataset/train/potato/healthy/potato_healthy_train_0091.jpg,train,potato,healthy,potato_healthy
dataset/train/potato/healthy/potato_healthy_train_0092.jpg,train,potato,healthy,potato_healthy
dataset/train/potato/healthy/potato_healthy_train_0093.jpg,train,potato,healthy,potato_healthy
dataset/train/potato/healthy/potato_healthy_train_0094.jpg,train,potato,healthy,potato_healthy
dataset/train/potato/healthy/potato_healthy_train_0095.jpg,train,potato,healthy,potato_healthy
dataset/train/potato/healthy/potato_healthy_train_0096.jpg,train,potato,healthy,potato_healthy
dataset/train/potato/healthy/potato_healthy_train_0097.jpg,train,potato,healthy,potato_healthy
dataset/train/potato/healthy/potato_healthy_train_0098.jpg,train,potato,healthy,potato_healthy
dataset/train/potato/healthy/potato_healthy_train_0099.jpg,train,potato,healthy,potato_healthy
dataset/train/potato/healthy/potato_healthy_train_0100.jpg,train,potato,healthy,potato_healthy
dataset/train/potato/healthy/potato_healthy_train_0101.jpg,train,potato,healthy,potato_healthy
dataset/train/potato/healthy/potato_healthy_train_0102.jpg,train,potato,healthy,potato_healthy
dataset/train/potato/healthy/potato_healthy_train_0103.jpg,train,potato,healthy,potato_healthy
dataset/train/potato/healthy/potato_healthy_train_0104.jpg,train,potato,healthy,potato_healthy
dataset/train/potato/healthy/potato_healthy_train_0105.jpg,train,potato,healthy,potato_healthy
dataset/val/potato/healthy/potato_healthy_val_0001.jpg,val,potato,healthy,potato_healthy
dataset/val/potato/healthy/potato_healthy_val_0002.jpg,val,potato,healthy,potato_healthy
dataset/val/potato/healthy/potato_healthy_val_0003.jpg,val,potato,healthy,potato_healthy
dataset/val/potato/healthy/potato_healthy_val_0004.jpg,val,potato,healthy,potato_healthy
dataset/val/potato/healthy/potato_healthy_val_0005.jpg,val,potato,healthy,potato_healthy
dataset/val/potato/healthy/potato_healthy_val_0006.jpg,val,potato,healthy,potato_healthy
dataset/val/potato/healthy/potato_healthy_val_0007.jpg,val,potato,healthy,potato_healthy
dataset/val/potato/healthy/potato_healthy_val_0008.jpg,val,potato,healthy,potato_healthy
dataset/val/potato/healthy/potato_healthy_val_0009.jpg,val,potato,healthy,potato_healthy
dataset/val/potato/healthy/potato_healthy_val_0010.jpg,val,potato,healthy,potato_healthy
dataset/val/potato/healthy/potato_healthy_val_0011.jpg,val,potato,healthy,potato_healthy
dataset/val/potato/healthy/potato_healthy_val_0012.jpg,val,potato,healthy,potato_healthy
dataset/val/potato/healthy/potato_healthy_val_0013.jpg,val,potato,healthy,potato_healthy
dataset/val/potato/healthy/potato_healthy_val_0014.jpg,val,potato,healthy,potato_healthy
dataset/val/potato/healthy/potato_healthy_val_0015.jpg,val,potato,healthy,potato_healthy
dataset/val/potato/healthy/potato_healthy_val_0016.jpg,val,potato,healthy,potato_healthy
dataset/val/potato/healthy/potato_healthy_val_0017.jpg,val,potato,healthy,potato_healthy
dataset/val/potato/healthy/potato_healthy_val_0018.jpg,val,potato,healthy,potato_healthy
dataset/val/potato/healthy/potato_healthy_val_0019.jpg,val,potato,healthy,potato_healthy
dataset/val/potato/healthy/potato_healthy_val_0020.jpg,val,potato,healthy,potato_healthy
dataset/val/potato/healthy/potato_healthy_val_0021.jpg,val,potato,healthy,potato_healthy
dataset/val/potato/healthy/potato_healthy_val_0022.jpg,val,potato,healthy,potato_healthy
dataset/test/potato/healthy/potato_healthy_test_0001.jpg,test,potato,healthy,potato_healthy
dataset/test/potato/healthy/potato_healthy_test_0002.jpg,test,potato,healthy,potato_healthy
dataset/test/potato/healthy/potato_healthy_test_0003.jpg,test,potato,healthy,potato_healthy
dataset/test/potato/healthy/potato_healthy_test_0004.jpg,test,potato,healthy,potato_healthy
dataset/test/potato/healthy/potato_healthy_test_0005.jpg,test,potato,healthy,potato_healthy
dataset/test/potato/healthy/potato_healthy_test_0006.jpg,test,potato,healthy,potato_healthy
dataset/test/potato/healthy/potato_healthy_test_0007.jpg,test,potato,healthy,potato_healthy
dataset/test/potato/healthy/potato_healthy_test_0008.jpg,test,potato,healthy,potato_healthy
dataset/test/potato/healthy/potato_healthy_test_0009.jpg,test,potato,healthy,potato_healthy
dataset/test/potato/healthy/potato_healthy_test_0010.jpg,test,potato,healthy,potato_healthy
dataset/test/potato/healthy/potato_healthy_test_0011.jpg,test,potato,healthy,potato_healthy
dataset/test/potato/healthy/potato_healthy_test_0012.jpg,test,potato,healthy,potato_healthy
dataset/test/potato/healthy/potato_healthy_test_0013.jpg,test,potato,healthy,potato_healthy
dataset/test/potato/healthy/potato_healthy_test_0014.jpg,test,potato,healthy,potato_healthy
dataset/test/potato/healthy/potato_healthy_test_0015.jpg,test,potato,healthy,potato_healthy
dataset/test/potato/healthy/potato_healthy_test_0016.jpg,test,potato,healthy,potato_healthy
dataset/test/potato/healthy/potato_healthy_test_0017.jpg,test,potato,healthy,potato_healthy
dataset/test/potato/healthy/potato_healthy_test_0018.jpg,test,potato,healthy,potato_healthy
dataset/test/potato/healthy/potato_healthy_test_0019.jpg,test,potato,healthy,potato_healthy
dataset/test/potato/healthy/potato_healthy_test_0020.jpg,test,potato,healthy,potato_healthy
dataset/test/potato/healthy/potato_healthy_test_0021.jpg,test,potato,healthy,potato_healthy
dataset/test/potato/healthy/potato_healthy_test_0022.jpg,test,potato,healthy,potato_healthy
dataset/test/potato/healthy/potato_healthy_test_0023.jpg,test,potato,healthy,potato_healthy
